date,t,cp_location,cp_location_norm,cp_score
2018-03-18,183,1.4383902538433685e-306,1.0,nan
2018-03-19,184,82.99825372273051,0.5519221108047513,0.9999999999999999
2018-03-20,185,82.67648734476427,0.559144877897463,1.0
2018-03-21,186,82.93623806632542,0.563189955921719,0.9999999999999993
2018-03-22,187,82.99610002102702,0.5683273222894698,0.9999999999999997
2018-03-23,188,82.99516408909903,0.5737969175459069,0.9999999999999999
2018-03-24,189,82.99572949641833,0.5792583087627413,1.0
2018-03-25,190,83.0041456212312,0.5846767998839825,1.0
2018-03-26,191,82.99622946389694,0.5901845384486506,1.0
2018-03-27,192,82.99760749353325,0.5956414891063757,1.0
2018-03-28,193,82.99125180917251,0.6011407004963251,1.0
2018-03-29,194,82.9962790048335,0.6065777103561011,1.0
2018-03-30,195,82.93803150435312,0.6123604835827698,1.0
2018-03-31,196,82.98918193315998,0.6175454539171585,1.0
2018-04-01,197,82.65226484392318,0.6248510117818405,1.0
2018-04-02,198,82.99326888889514,0.6284520825743435,1.0
2018-04-03,199,82.98572076389928,0.6339578100333373,1.0
2018-04-04,200,82.69215065745949,0.6410264991395657,1.0
2018-04-05,201,82.67230210100715,0.6465994420709992,1.0
2018-04-06,202,82.98573456186477,0.6503511772575695,1.0
2018-04-07,203,82.98765483887797,0.6558051648148745,1.0
2018-04-08,204,82.67841900992822,0.6629594589621409,1.0
2018-04-09,205,82.71117329954211,0.6682449546473108,1.0
2018-04-10,206,82.71323967477653,0.6736981438536802,1.0
2018-04-11,207,82.6962964979684,0.6792552103936152,1.0
2018-04-12,208,82.66332557149335,0.6848998602650637,1.0
2018-04-13,209,82.66913506778877,0.6903325952579848,1.0
2018-04-14,210,125.71961312678687,0.46054856214870565,1.0
2018-04-15,211,82.71267101854959,0.701023655636341,1.0
2018-04-16,212,125.6764242941307,0.47171352844737324,1.0
2018-04-17,213,125.6579913433277,0.4772787358288104,1.0
2018-04-18,214,125.62496285278384,0.4829237002580118,1.0
2018-04-19,215,125.55352386172521,0.48877855813264914,1.0
2018-04-20,216,125.5134837485772,0.49446183743946887,1.0
2018-04-21,217,125.49947909952556,0.50000284645068,1.0
2018-04-22,218,125.48894537785621,0.5055248886455945,1.0
2018-04-23,219,125.45684905993926,0.5111647592353046,1.0
2018-04-24,220,125.42818499554284,0.516785874341296,1.0
2018-04-25,221,125.40749961313962,0.5223633900921332,1.0
2018-04-26,222,125.35044403950693,0.5281396500573392,1.0
2018-04-27,223,125.32105767477923,0.5337647121596764,1.0
2018-04-28,224,125.29881180878671,0.539350755143242,1.0
2018-04-29,225,125.26502031474097,0.5449998889904866,1.0
2018-04-30,226,125.27000087936307,0.5504371536646827,1.0
2018-05-01,227,125.2353429053201,0.5560910223753001,1.0
2018-05-02,228,125.18958463888268,0.5618055484214062,1.0
2018-05-03,229,125.15735701159849,0.5674461365486421,1.0
2018-05-04,230,125.12421748090237,0.5730917077546318,1.0
2018-05-05,231,124.50637749886978,0.5819323633941542,1.0
2018-05-06,232,124.4854040737352,0.587511453148988,1.0
2018-05-07,233,125.00306196248168,0.5901472023908105,1.0
2018-05-08,234,124.95790800216672,0.5958584262176682,1.0
2018-05-09,235,124.91635974788447,0.6015499467328718,1.0
2018-05-10,236,124.87567476713565,0.6072367499063626,1.0
2018-05-11,237,124.8459668429982,0.6128635691639442,1.0
2018-05-12,238,124.8090365414097,0.6185298549649744,1.0
2018-05-13,239,122.83012399047321,0.6348080656258295,1.0
2018-05-14,240,124.70692244818271,0.6300168172230453,1.0
2018-05-15,241,124.6650691890189,0.6357100044315908,1.0
2018-05-16,242,121.89592982815745,0.6563063943816533,1.0
2018-05-17,243,124.52923249746634,0.6473812431832441,1.0
2018-05-18,244,124.4470535570365,0.6532947893058115,1.0
2018-05-19,245,120.2369834241624,0.6817651179007519,1.0
2018-05-20,246,120.09191482170559,0.688022323378658,1.0
2018-05-21,247,119.48931444759435,0.696779702472162,1.0
2018-05-22,248,118.84620123260068,0.7057584632098325,1.0
2018-05-23,249,118.11060435293336,0.7152425991642986,1.0
2018-05-24,250,117.4290556960151,0.7244313896392618,1.0
2018-05-25,251,116.40050415257153,0.7355163707509752,1.0
2018-05-26,252,115.34194086932422,0.7467653504408512,1.0
2018-05-27,253,116.7754150545249,0.744396639046312,1.0
2018-05-28,254,112.23682498141098,0.7746621585715248,1.0
2018-05-29,255,110.33159908491646,0.7905377099184893,1.0
2018-05-30,256,107.92138833566516,0.8091727413351631,1.0
2018-05-31,257,105.64247280256227,0.8270903125543044,1.0
2018-06-01,258,101.44853103799278,0.8554725079891105,1.0
2018-06-02,259,96.07881173477251,0.8902797172963252,1.0
2018-06-03,260,88.21443662855276,0.9387189255270341,1.0
2018-06-04,261,78.00094979751732,0.9999948098496322,1.0
2018-06-05,262,79.00012013773372,0.9999993435096518,1.0
2018-06-06,263,80.0,1.0,1.0
2018-06-07,264,81.0000324467534,0.9999998226953367,1.0
2018-06-08,265,134.2736017924673,0.7143519027734027,1.0
2018-06-09,266,134.87645498454899,0.7165221039095684,1.0
2018-06-10,267,134.75140573029262,0.7226699140421169,1.0
2018-06-11,268,134.56372719385155,0.7291599606893358,1.0
2018-06-12,269,134.41933517246724,0.7354134690029113,1.0
2018-06-13,270,134.27220344149617,0.7416819484071248,1.0
2018-06-14,271,134.12657567596935,0.7479422094209325,1.0
2018-06-15,272,133.91767578336652,0.7545482197630244,1.0
2018-06-16,273,133.73963555196008,0.7609855980767208,1.0
2018-06-17,274,133.75765251295618,0.7663516256122613,1.0
2018-06-18,275,133.56663152201014,0.772859937038196,1.0
2018-06-19,276,133.34692614913894,0.7795249937205523,1.0
2018-06-20,277,133.15372730111196,0.7860452060048527,1.0
2018-06-21,278,132.93046927453494,0.7927296760954374,1.0
2018-06-22,279,132.72414625888257,0.7993216051427182,1.0
2018-06-23,280,126.53418224376695,0.8386110259903444,1.0
2018-06-24,281,131.80827285673192,0.8152553395807,1.0
2018-06-25,282,131.60701261415176,0.8218196032013565,1.0
2018-06-26,283,131.26782404557702,0.829137573521437,1.0
2018-06-27,284,130.9048304729663,0.8365856258307852,1.0
2018-06-28,285,131.04402129584636,0.8412895011155936,1.0
2018-06-29,286,130.60521746776357,0.849151817116046,1.0
2018-06-30,287,130.0155528181878,0.8578385091902305,1.0
2018-07-01,288,126.23938125861426,0.8839378073299767,1.0
2018-07-02,289,129.5873390121653,0.8711074370919929,1.0
2018-07-03,290,129.11791070661934,0.8791370999638287,1.0
2018-07-04,291,126.01041018154996,0.9015824580243171,1.0
2018-07-05,292,215.91528486664797,0.41576347067405484,1.0
2018-07-06,293,125.72271898235218,0.9140835028286767,1.0
2018-07-07,294,125.4810588450386,0.9208685309014284,1.0
2018-07-08,295,125.2141148610454,0.9277917220707902,1.0
2018-07-09,296,115.49261252329062,0.9863791665393955,1.0
2018-07-10,297,114.00007304766243,0.9999996008324458,1.0
2018-07-11,298,115.00000000009965,0.9999999999994554,1.0
2018-07-12,299,116.0,1.0,1.0
2018-07-13,300,117.00000836085864,0.9999999543122478,1.0
2018-07-14,301,215.95698663176114,0.4647159200450211,1.0
2018-07-15,302,119.00003029054898,0.9999998344778744,1.0
2018-07-16,303,120.00004706138243,0.9999997428339759,1.0
2018-07-17,304,121.00001178541291,0.9999999355988366,1.0
2018-07-18,305,122.00000592977693,0.9999999675968474,1.0
2018-07-19,306,123.00004443708153,0.9999997571744179,1.0
2018-07-20,307,215.15490575312492,0.5018857609118856,0.9985290001768122
2018-07-21,308,215.9058962818974,0.5032464684049321,0.9988560314192757
2018-07-22,309,215.63069365672297,0.5102147887610766,0.9969845373363907
2018-07-23,310,215.1749423854883,0.5181697137405011,0.9974227210068491
2018-07-24,311,217.12353502528887,0.512986147402793,0.9994638039639504
2018-07-25,312,222.78001070216493,0.4875409251247818,0.999316893703643
2018-07-26,313,216.9688259423109,0.5247605139764432,0.9994648546696405
2018-07-27,314,236.99041528357134,0.4208174028220146,0.9994485609505799
2018-07-28,315,217.1259534904048,0.5348308552436896,0.9993909700874758
2018-07-29,316,226.92946377467405,0.4867242416684478,0.9995052704619122
2018-07-30,317,217.00126358400178,0.5464411826010832,0.9997578042372756
2018-07-31,318,215.55736955589464,0.5597957947765321,0.9997786003994433
2018-08-01,319,215.10533978630656,0.567730383681385,0.9994808236346551
2018-08-02,320,215.71660204176823,0.5698546336515398,0.9995162566279912
2018-08-03,321,215.1249355996078,0.5785522644830176,0.9989237449063851
2018-08-04,322,215.43759121658087,0.5823082447181374,0.998778067459633
2018-08-05,323,215.01573068718466,0.5900779743869691,0.9988506104555117
2018-08-06,324,215.05986752836213,0.5953012703368189,0.9992691919643418
2018-08-07,325,215.90851562358623,0.5961283299257584,0.9992696947489248
2018-08-08,326,215.86525355514647,0.6018292155456477,0.9992641115669596
2018-08-09,327,215.01502571128051,0.6119397502115819,0.9993380962885852
2018-08-10,328,215.76173444212031,0.6133238555075393,0.9994047990334977
2018-08-11,329,215.74581542654488,0.6188753255380062,0.9994183751115502
2018-08-12,330,215.51559906169672,0.6255978193349906,0.9993193654432327
2018-08-13,331,215.99281105076258,0.6284545844220624,0.9995046095848359
2018-08-14,332,215.51442728948817,0.6365331842104471,0.9995194419707234
2018-08-15,333,215.02917852336282,0.644649297686542,0.9994385758207113
2018-08-16,334,215.85994759968045,0.6455740568323473,0.9995549949703025
2018-08-17,335,215.0616811061151,0.6554006496933602,0.9998397556987161
2018-08-18,336,215.22369791818528,0.6599797927968017,0.9996122081936328
2018-08-19,337,215.89264343888814,0.6617888336672779,0.999659856522259
2018-08-20,338,215.20872156143906,0.6709905925604422,0.9996475087211805
2018-08-21,339,215.21861516892858,0.6764010100058547,0.999785987235261
2018-08-22,340,215.93196306269422,0.6779674149579551,0.9997780640115826
2018-08-23,341,215.1514602221618,0.6876969386767114,0.9998502738357175
2018-08-24,342,215.07831339519151,0.6935611289880245,0.9998518775735457
2018-08-25,343,215.95927764331947,0.6942115975774893,0.9998492925995145
2018-08-26,344,215.85734535637297,0.7002330854843006,0.9998706751024058
2018-08-27,345,215.8023740353454,0.7059979560910088,0.9999100165292953
2018-08-28,346,215.47920489424962,0.713228388556013,0.9999029925080184
2018-08-29,347,215.92649924091057,0.716248638027811,0.99991373307207
2018-08-30,348,215.72806183655558,0.722797476302975,0.999964706538429
2018-08-31,349,215.87004743496564,0.7274860795903517,0.9999782100208364
2018-09-01,350,215.49831860796624,0.7349818655302391,0.9999801534501739
2018-09-02,351,215.69120681983134,0.7393923124599381,0.9999683903717628
2018-09-03,352,215.29888371231482,0.7470006354518316,0.9999812172516214
2018-09-04,353,215.56635592469817,0.7510035195371685,0.9999825699802116
2018-09-05,354,215.3368531946627,0.7577221136903678,0.9999837441448443
2018-09-06,355,215.50737475885575,0.7622547827384932,0.9999704863817208
2018-09-07,356,215.5087293290829,0.7677118615897108,0.9999716146458335
2018-09-08,357,215.64249102689953,0.7724454042245927,0.9999759569355721
2018-09-09,358,215.38889396208273,0.779295661409384,0.9999778790665542
2018-09-10,359,215.56183980611362,0.7838150830267016,0.9999796189933765
2018-09-11,360,215.3470001919133,0.7904535508638617,0.9999850364095615
2018-09-12,361,215.75568180814713,0.793684798862584,0.999981479351901
2018-09-13,362,215.696660862384,0.7994717985662076,0.9999856163899569
2018-09-14,363,215.5079342011243,0.8059675726714519,0.9999913004548733
2018-09-15,364,215.27654158775738,0.8126964940559706,0.9999892834967475
2018-09-16,365,215.6853898752616,0.8159268312827236,0.9999914064212614
2018-09-17,366,215.65449625324703,0.8215601297636774,0.9999718583190186
2018-09-18,367,272.9955417783837,0.5136855640525481,0.8290178411962819
2018-09-19,368,236.97823009131974,0.715965955785138,0.9930127030247299
2018-09-20,369,272.9983288620114,0.5245992958360032,0.853281871693452
2018-09-21,370,272.979150031267,0.5301685790641147,0.7596952270038873
2018-09-22,371,243.2419886510668,0.698131209557012,0.9925244917388119
2018-09-23,372,236.43515404701077,0.7407915079398318,0.998567819576687
2018-09-24,373,281.97861635248114,0.4973846100957315,0.7431591219579716
2018-09-25,374,281.99976895643124,0.502733502970321,0.7474282748177994
2018-09-26,375,281.9582474603154,0.5084248772660359,0.7525172798365507
2018-09-27,376,281.9493716769751,0.5139378596886607,0.7716731900114187
2018-09-28,377,282.97913214067887,0.5137752342039406,0.8085288963010963
2018-09-29,378,272.9956653287455,0.5737941785314455,0.7998692856268375
2018-09-30,379,272.99217601283635,0.5792777267058122,0.7965384763836287
2018-10-01,380,282.06514445246285,0.535163145068509,0.7374916126995597
2018-10-02,381,282.05925543125267,0.5406598063865975,0.7600228761910001
2018-10-03,382,236.9961435858128,0.7923708000775257,0.9978228131810066
2018-10-04,383,272.99476173282034,0.6011215205856812,0.802131857610927
2018-10-05,384,292.9983882138796,0.49727656713727,0.7006557005402292
2018-10-06,385,293.0149008170769,0.50265081520723,0.6889250451227759
2018-10-07,386,292.9886366390914,0.5082588161798285,0.7143172984023822
2018-10-08,387,292.95892707027366,0.5138856444247341,0.7374897178663247
2018-10-09,388,281.91926388751153,0.5796761536201556,0.8167061067913391
2018-10-10,389,281.9550663822629,0.5849449924466509,0.8393123498959418
2018-10-11,390,281.9586725003791,0.5903897677574911,0.8614651267639067
2018-10-12,391,292.96450913661687,0.5357130648272302,0.8373928696279193
2018-10-13,392,292.96452240030004,0.5411774732224042,0.8604657909134706
2018-10-14,393,272.6598236684368,0.6575965919757553,0.8748008269417402
2018-10-15,394,236.69789861981627,0.8595743244818783,0.9997162701440437
2018-10-16,395,215.05045363585484,0.9833308544488807,0.9999961469223573
2018-10-17,396,309.9982896312918,0.4699547014683508,0.8817188108592913
2018-10-18,397,309.9901154607381,0.47546384994132196,0.8871760855106059
2018-10-19,398,309.99497885920874,0.4809017548677118,0.800720031498573
2018-10-20,399,304.79205791832527,0.5147974977140696,0.5082129994146284
2018-10-21,400,319.9585326957939,0.4373850672360989,0.9018913164685919
2018-10-22,401,310.790789789199,0.49294650388415856,0.6161732538089648
2018-10-23,402,309.99287288882056,0.5027711863998877,0.6203162447476558
2018-10-24,403,309.9900217404713,0.5082512473198288,0.6286057982135939
2018-10-25,404,310.7674274072525,0.5094676097964344,0.6279329469051864
2018-10-26,405,310.7835233230992,0.5148441348464525,0.6249949357025273
2018-10-27,406,320.00443096595075,0.4699211422625642,0.898660824794558
2018-10-28,407,319.9003246870663,0.47595450990674154,0.8970699555337107
2018-10-29,408,319.76194324137685,0.48217517354438877,0.8945478235957299
2018-10-30,409,310.7554144896405,0.5368556585265547,0.629058606392374
2018-10-31,410,319.72482053122127,0.49330699163267067,0.8873929396575245
2018-11-01,411,331.02101413239996,0.4370436386207653,0.6739937023012638
2018-11-02,412,319.68683864861055,0.5044435046524014,0.8892967284102116
2018-11-03,413,319.5378479642752,0.5107221422717201,0.889895452502002
2018-11-04,414,319.5102471278124,0.5163374473890032,0.8883853999264433
2018-11-05,415,331.0112237336001,0.45895506156502675,0.6315304640046183
2018-11-06,416,319.3702054278184,0.5280316643288612,0.8854374060214532
2018-11-07,417,331.0101957779454,0.4698896405576754,0.6718335642061224
2018-11-08,418,331.0121881062864,0.47534323439187776,0.661973939838888
2018-11-09,419,331.0121150978726,0.48080811421927544,0.6495897599567115
2018-11-10,420,331.0091598436395,0.4862887440238278,0.7473540898011002
2018-11-11,421,331.0061328934106,0.4917697656097781,0.728124180608684
2018-11-12,422,331.0121909004215,0.4972011426206475,0.7052474392897001
2018-11-13,423,331.0075777177999,0.5026908321431699,0.714820375366031
2018-11-14,424,331.00695292040314,0.5081587272109118,0.7271811539976981
2018-11-15,425,331.0046399188311,0.5136358474380813,0.7313020673721669
2018-11-16,426,331.01050737088275,0.5190682657328811,0.7227238522120385
2018-11-17,427,331.01188863445356,0.5245251987188331,0.7063488452332594
2018-11-18,428,344.29904311272554,0.457382278072538,0.7810161383188703
2018-11-19,429,344.3932579563765,0.46233192373564763,0.7832006382414798
2018-11-20,430,344.4412851036801,0.46753396118207585,0.786917090334901
2018-11-21,431,344.4187142779797,0.47312177990175036,0.7867804471473129
2018-11-22,432,344.6015451627293,0.4775871849031187,0.8006998892775105
2018-11-23,433,344.5734384349266,0.4832052544539532,0.7984559072667844
2018-11-24,434,344.57993135143204,0.48863425491020746,0.7978082680724226
2018-11-25,435,344.54091147789705,0.4943119591371746,0.7947109215240267
2018-11-26,436,344.51149502831754,0.4999371856376091,0.7918996933482652
2018-11-27,437,344.49489111037354,0.5054923983039697,0.791539809450232
2018-11-28,438,344.4802049384755,0.5110371314837405,0.7911355865160098
2018-11-29,439,344.48741236573125,0.5164622275096653,0.7920117665246038
2018-11-30,440,344.4094171035815,0.5223529120022868,0.7885490768172223
2018-12-01,441,344.36914539964084,0.5280374568325638,0.7877508109202129
2018-12-02,442,354.00034033389807,0.4808724571918139,0.5915944835045057
2018-12-03,443,354.1820853592071,0.4853437958513272,0.5352346595829753
2018-12-04,444,344.3192613263767,0.5447034900197995,0.7890106731547823
2018-12-05,445,344.239275125596,0.5506050539584918,0.7896616058989592
2018-12-06,446,344.1756393512222,0.5564172713047969,0.7918899832920315
2018-12-07,447,361.7130042199237,0.46604915726817664,0.6381901440174257
2018-12-08,448,361.6263528857787,0.4719871427006628,0.6474050804445709
2018-12-09,449,371.9860442146871,0.42084128844433266,0.9816992261850978
2018-12-10,450,358.6584940755135,0.499133912155664,0.6301005691071178
2018-12-11,451,367.68307421579584,0.45528374745466754,0.9800742227859951
2018-12-12,452,360.00005331659503,0.5027319490896447,0.5724814737878503
2018-12-13,453,363.9456638685619,0.4866357165652356,0.5681355326408868
2018-12-14,454,363.95021242237686,0.4920753419542248,0.5673451239159553
2018-12-15,455,360.00007876164847,0.5191252526685876,0.5714501952765254
2018-12-16,456,348.89611365768303,0.5852671384826064,0.753077843690426
2018-12-17,457,360.2664757233558,0.5285984933149955,0.5701140300038179
2018-12-18,458,412.8927314196035,0.24648780645025423,0.9988143336914679
2018-12-19,459,410.21469327383215,0.26658637555282977,0.9984088443366697
2018-12-20,460,408.9347942321838,0.27904484026129084,0.9981930846440653
2018-12-21,461,407.0214954612047,0.2949645056764769,0.9976811144998036
2018-12-22,462,405.23111660239556,0.31021247758253795,0.9970853572858017
2018-12-23,463,405.25086900741746,0.3155690218173909,0.9971603454852151
2018-12-24,464,403.71507993426974,0.32942579270890854,0.9964915144595153
2018-12-25,465,403.3547123832401,0.33685949517355135,0.9962039942805313
2018-12-26,466,402.7302966654503,0.34573608379535364,0.9958694074736014
2018-12-27,467,401.5336651471987,0.3577395347147613,0.9950986463305109
2018-12-28,468,367.9871573541001,0.5465182658245897,0.7162539769046803
2018-12-29,469,399.9689416634211,0.3772188980140923,0.9937594313007235
2018-12-30,470,399.4470451232313,0.3855352725506486,0.9934414458040182
2018-12-31,471,398.61734122645095,0.39553365450026806,0.9927752535850981
2019-01-01,472,401.57570563526843,0.3848322096433419,0.9958734391460058
2019-01-02,473,401.10649305391075,0.39286069369447674,0.9956392391384441
2019-01-03,474,400.48089388726214,0.40174374924993367,0.9951501334657931
2019-01-04,475,399.9308145741619,0.41021412801004425,0.9946313107650296
2019-01-05,476,399.9034948709441,0.415827896880087,0.9942286639991187
2019-01-06,477,449.005113528877,0.15297752170012557,0.9743122841608768
2019-01-07,478,449.0106783587247,0.158411593668171,0.9643996784054086
2019-01-08,479,449.000406943814,0.16393220249281953,0.9524652595276316
2019-01-09,480,397.13775025655434,0.4527991789259326,0.9913927134983669
2019-01-10,481,396.5015107354548,0.46174037849478244,0.9908533764068752
2019-01-11,482,397.06249675016124,0.46413936202097683,0.9917078669924736
2019-01-12,483,396.4280373828184,0.47307083397367,0.9912367998291569
2019-01-13,484,396.0933141048959,0.480364403798383,0.9905487921729483
2019-01-14,485,371.98034303598695,0.6175937539017107,0.8053989037043936
2019-01-15,486,371.97621926582065,0.6230807690392315,0.826219390825039
2019-01-16,487,416.02421991603086,0.38784579280857456,0.8155443470309367
2019-01-17,488,416.01626893629043,0.39335372165961513,0.828764547595743
2019-01-18,489,416.0228437418341,0.3987822746347864,0.8062358988961009
2019-01-19,490,416.01825170947944,0.40427184858207954,0.786558329981534
2019-01-20,491,394.3930811209748,0.5279066605411213,0.9871566659690328
2019-01-21,492,394.8278080430554,0.530995584464178,0.9851082679143729
2019-01-22,493,394.88610213487914,0.5361415183886385,0.9839142603519379
2019-01-23,494,394.4419144526006,0.5440332543573738,0.9836762530749154
2019-01-24,495,394.07423406364296,0.5515069176850111,0.9836520323426173
2019-01-25,496,428.0027056762601,0.3715699143373764,0.730615402260246
2019-01-26,497,416.0127217273198,0.4425534331840449,0.7343005454733199
2019-01-27,498,416.0145937933679,0.4480076841892464,0.7115583498180005
2019-01-28,499,416.01050857547347,0.4534944886586149,0.6916581482934494
2019-01-29,500,416.01379569693177,0.45894100712059144,0.6837639715315659
2019-01-30,501,416.0130216653298,0.4644097176757934,0.6712418035939433
2019-01-31,502,416.0138348736435,0.46986975478883347,0.6727287652055138
2019-02-01,503,416.0120847028881,0.47534379943776994,0.6575334828229717
2019-02-02,504,416.0104722717165,0.48081709141138534,0.6399889570607702
2019-02-03,505,415.1168666756202,0.491164662974753,0.6582537511399296
2019-02-04,506,415.08707609528693,0.4967919339055359,0.644320727892268
2019-02-05,507,415.10425070203974,0.5021625644697282,0.6422497773780033
2019-02-06,508,415.0774517660574,0.5077734876171728,0.6307238123703706
2019-02-07,509,389.36300585110496,0.6537540663874046,0.9926850917898583
2019-02-08,510,428.0056691262247,0.44805645286216017,0.5907034475618755
2019-02-09,511,422.00033415556,0.4863369718275411,0.5878384433828665
2019-02-10,512,422.0008753747284,0.49179849522006325,0.5861845595152986
2019-02-11,513,422.0000399730437,0.4972675411309086,0.5857805405359153
2019-02-12,514,421.9998022413216,0.5027333210856743,0.5863799486435258
2019-02-13,515,421.99937810272525,0.5082001196572391,0.5890798588958586
2019-02-14,516,425.9966666122305,0.4918214939222376,0.5889290903386325
2019-02-15,517,425.99414962925164,0.4972997288019036,0.5915127106435543
2019-02-16,518,425.99118072365667,0.502780433204062,0.5980084118013196
2019-02-17,519,425.99048188771667,0.5082487328540073,0.6072707324900788
2019-02-18,520,426.6623810645433,0.5100416335270858,0.6030197620876131
2019-02-19,521,428.00949780154656,0.5081448207565762,0.5990971196798244
2019-02-20,522,428.00408004636273,0.5136389068504769,0.6083391293917583
2019-02-21,523,428.00223909728953,0.5191134475557949,0.604991208764377
2019-02-22,524,433.99661875939614,0.49182175541313583,0.5697190635684979
2019-02-23,525,433.99117495679195,0.49731598384266695,0.568851718373118
2019-02-24,526,433.9910621844223,0.5027810809594411,0.5744127124825753
2019-02-25,527,433.9908563063599,0.5082466868504925,0.5650579567180584
2019-02-26,528,433.9923491442715,0.5137030101405929,0.5732243017829154
2019-02-27,529,433.99130182373506,0.5191732140779505,0.5822235295990623
2019-02-28,530,433.9928594641039,0.5246291832562628,0.5956740231633428
2019-03-01,531,433.9914961698544,0.5301011138259324,0.6064584894295295
2019-03-02,532,433.9953205538004,0.5355446964273202,0.622356300335369
2019-03-03,533,435.9979311794278,0.5300659498391924,0.619063957863788
2019-03-04,534,445.33676752052406,0.4844985381392128,0.6869159561710421
2019-03-05,535,445.31452523489344,0.4900845615579594,0.6918548111287425
2019-03-06,536,445.2841190023898,0.49571519670825254,0.7004928679177482
2019-03-07,537,445.25895471052,0.5013171873742076,0.7119224326219078
2019-03-08,538,442.98606730370614,0.5192018180125347,0.683201344149484
2019-03-09,539,445.3740763603443,0.5116170690691568,0.6606103271473627
2019-03-10,540,445.4246080828942,0.5168054203120535,0.6533302562488081
2019-03-11,541,433.9942942708583,0.5847306323996815,0.5886707189468423
2019-03-12,542,435.2211598590806,0.5834909297318,0.605230247979982
2019-03-13,543,439.6854982112238,0.564560119064351,0.5354750932763959
2019-03-14,544,457.2146434343302,0.4742369211238788,0.9999732432627836
2019-03-15,545,473.0705030598306,0.3930573603287944,0.9999913719476876
2019-03-16,546,482.70474120364497,0.3458757311276231,0.999960951146249
2019-03-17,547,457.8453532060616,0.48718386226195853,0.9999840703013171
2019-03-18,548,457.22750972241994,0.4960245370359566,0.9999895632348343
2019-03-19,549,457.237270595738,0.5014356798047105,0.9999926877158782
2019-03-20,550,457.8974039755224,0.5032928744506971,0.9999031987773954
2019-03-21,551,473.13791732454627,0.4254758616145013,0.9999800734972655
2019-03-22,552,457.8973544662482,0.5142221067418131,0.9999040285176427
2019-03-23,553,457.88683680700296,0.5197440611639182,0.9999358613571866
2019-03-24,554,457.8959539666542,0.5251587214936929,0.9999576829114744
2019-03-25,555,482.9741896029175,0.39358366337203565,0.9999743378071649
2019-03-26,556,473.15088311517826,0.45272741467115707,0.9999963688477524
2019-03-27,557,457.9084514486893,0.541483871865086,0.9999798281117369
2019-03-28,558,457.90288048383263,0.5469787951703134,0.9999846221017955
2019-03-29,559,457.89991157551395,0.5524594995873554,0.9999902588241252
2019-03-30,560,457.8837118033699,0.5580125038067217,0.9999941171925281
2019-03-31,561,457.80830910337926,0.5638890212930096,0.9999680933373961
2019-04-01,562,457.78377114829675,0.5694875893535697,0.9999773451739166
2019-04-02,563,457.7522952616366,0.5751240696085431,0.9999855698295627
2019-04-03,564,457.9513862051724,0.579500621829659,0.9999772573742414
2019-04-04,565,482.98937784850017,0.448145476237704,0.9999832392646082
2019-04-05,566,457.666293827521,0.5919874654233827,0.9999902824986389
2019-04-06,567,457.69636283824843,0.5972876347636698,0.9999937181593392
2019-04-07,568,473.0645588207879,0.5187729026186453,0.9999992304400649
2019-04-08,569,457.6153208947973,0.6086594486623097,0.9999952903590464
2019-04-09,570,457.634443420872,0.614019434858623,0.9999967428355552
2019-04-10,571,457.46329172574355,0.6204191708975763,0.9999979538552121
2019-04-11,572,457.38255575625124,0.6263248319330533,0.9999986716763797
2019-04-12,573,457.2809729410051,0.6323444101584422,0.9999990094771157
2019-04-13,574,482.9884612650329,0.4973308127593829,0.9999993655368469
2019-04-14,575,482.9882945754973,0.5027962045054791,0.9999996075620112
2019-04-15,576,482.9892190056573,0.5082556338488673,0.9999997509532352
2019-04-16,577,473.0746857805202,0.5678978919097256,0.9999999773925555
2019-04-17,578,473.0492876908545,0.573501160159265,0.999999987632645
2019-04-18,579,473.0521917747899,0.5789497717224596,0.999999991985806
2019-04-19,580,505.98956548260344,0.4044286039201998,0.9999976768541313
2019-04-20,581,473.04730888722685,0.5899054159167931,0.9999999975843707
2019-04-21,582,482.9777719074112,0.5411050715442012,0.9999999898438742
2019-04-22,583,473.04518716487064,0.6008459717766632,0.9999999992928043
2019-04-23,584,473.04686544459935,0.6063012817235008,0.999999999616234
2019-04-24,585,473.0426493348843,0.6117888014487197,0.9999999998072453
2019-04-25,586,473.03927721918285,0.6172717091847931,0.9999999998621726
2019-04-26,587,473.03844162698124,0.6227407561367145,0.9999999998654217
2019-04-27,588,473.0441733585837,0.6281739160733132,0.9999999998587197
2019-04-28,589,473.04230843509777,0.633648587786351,0.9999999998914564
2019-04-29,590,457.1341627881509,0.7260428262942574,0.9999999993325741
2019-04-30,591,457.1267498292327,0.7315478151408048,0.9999999995858899
2019-05-01,592,473.0376134653665,0.6500676859816037,0.9999999999721226
2019-05-02,593,505.994386026238,0.4754405135178253,0.9999999706376479
2019-05-03,594,527.9562179747347,0.360894983744619,0.9999999990481027
2019-05-04,595,473.0310084790338,0.6664972214260448,0.999999999985209
2019-05-05,596,527.9448449072182,0.3718860934031791,0.9999999957813361
2019-05-06,597,527.9417332026525,0.37736757812758215,0.99999999727069
2019-05-07,598,482.99365358313446,0.6284499804200303,0.9999999998433284
2019-05-08,599,473.0326484238593,0.6883461834761786,0.9999999999927603
2019-05-09,600,473.0245798971606,0.6938547546603245,0.9999999999954212
2019-05-10,601,505.98573465339,0.5192036357738251,0.9999998885993336
2019-05-11,602,482.96239905841696,0.6504786936698527,0.9999999996296217
2019-05-12,603,473.0277362382132,0.7102309495179606,0.9999999999798577
2019-05-13,604,527.9377306706556,0.41564081600734654,0.9999999708429355
2019-05-14,605,527.9400376851718,0.421092690244963,0.9999999816077656
2019-05-15,606,505.98772387695817,0.5465151700712668,0.9999999497071133
2019-05-16,607,482.9597878093691,0.6778153671619174,0.9999999997898532
2019-05-17,608,505.6463922995513,0.559309331696441,0.9999999577230496
2019-05-18,609,505.98680513167216,0.5629136331602614,0.9999999588924416
2019-05-19,610,473.02163335093024,0.7485156647490151,0.9999999999905335
2019-05-20,611,505.9427408894039,0.5740833831180113,0.9999999695646754
2019-05-21,612,473.02071851222075,0.75944962561628,0.9999999999815959
2019-05-22,613,457.04313046306027,0.8522233308029493,0.9999999999463209
2019-05-23,614,527.9105549797561,0.47043412579368277,0.999999443348878
2019-05-24,615,527.8924033658739,0.47599779581489693,0.9999994312268756
2019-05-25,616,473.0287126168098,0.7812638654819136,0.9999999987662018
2019-05-26,617,472.45954043854584,0.7898385768385473,0.9999999990197821
2019-05-27,618,457.03925014706743,0.8795669390870632,0.999999999308743
2019-05-28,619,473.0203258590397,0.7977031373822967,0.999999999707629
2019-05-29,620,527.0449503713995,0.5079510908666692,0.9999994811798261
2019-05-30,621,527.8831955075373,0.5088349972265723,0.9999992603379596
2019-05-31,622,527.5572503529429,0.5160805991642464,0.999999465181184
2019-06-01,623,527.1681830475737,0.5236711308875752,0.9999994768403164
2019-06-02,624,527.6473002730324,0.5265174848468173,0.9999996728300692
2019-06-03,625,527.1843819236456,0.5345115741877292,0.9999997748155312
2019-06-04,626,505.5805237754281,0.6580299247244366,0.9999992013196154
2019-06-05,627,527.3427719682956,0.5445750165666909,0.9999997155968717
2019-06-06,628,527.1301487452482,0.5512013729767857,0.9999991413849749
2019-06-07,629,527.5262255373704,0.5545014997957904,0.9999994227896271
2019-06-08,630,527.666611993763,0.5591988415641366,0.9999993536314954
2019-06-09,631,527.833613958938,0.5637507433937813,0.9999959501175576
2019-06-10,632,527.2763868791178,0.5722601809884272,0.9999913239919663
2019-06-11,633,456.96431239230196,0.9619436481294975,0.9999999999896173
2019-06-12,634,451.00033292947876,0.9999981807132309,0.9999999967464287
2019-06-13,635,527.9653808367156,0.5848886293075652,0.995299598792451
2019-06-14,636,527.9968699324279,0.5901810386206126,0.8351688420246148
2019-06-15,637,527.9714644477147,0.5957843472802478,0.8496208859482366
2019-06-16,638,528.0249779881274,0.6009564044364625,0.8163951833669649
2019-06-17,639,527.982588758422,0.6066525204457813,0.8354935940080889
2019-06-18,640,560.0204184947447,0.43704689347134035,0.8855225043497157
2019-06-19,641,560.02753909689,0.4424724639514208,0.890435652675343
2019-06-20,642,560.0150597113629,0.44800513818927357,0.8808448672988555
2019-06-21,643,560.0185788282204,0.4534503889168286,0.8687932105509583
2019-06-22,644,560.0065315327987,0.45898070200656443,0.8515380283332978
2019-06-23,645,560.0179114650352,0.46438299745882383,0.8328837035499435
2019-06-24,646,560.0137652391164,0.46987013530537475,0.8123046159547691
2019-06-25,647,560.0226661788847,0.4752859771645644,0.8372209379068647
2019-06-26,648,560.01933922759,0.4807686381006013,0.8162704488054635
2019-06-27,649,560.0182124588262,0.4862392761812778,0.7955196415508325
2019-06-28,650,560.0196502902033,0.49169590005353364,0.8662576890685403
2019-06-29,651,560.0083094558139,0.4972223527004705,0.8547174197084038
2019-06-30,652,560.01847358259,0.5026312918984154,0.8341612566868628
2019-07-01,653,600.0567146397294,0.2893075702747026,0.9972252249336659
2019-07-02,654,609.6365974960936,0.24242296450222076,0.9984837460144615
2019-07-03,655,627.0812411583346,0.15256152372494758,0.9993011357786918
2019-07-04,656,595.0013543198514,0.3333259326784075,0.9996826067632235
2019-07-05,657,594.9568231026095,0.3390337535376529,0.9997284907995491
2019-07-06,658,595.0737477772467,0.34385930176367924,0.9997512594605455
2019-07-07,659,600.0300652289363,0.32224008071619487,0.999519192085547
2019-07-08,660,595.0143291915155,0.35511295523762043,0.9994677057262673
2019-07-09,661,594.8152737390466,0.3616651708248821,0.9989072403004108
2019-07-10,662,595.0254950507348,0.36598090136210504,0.9990884769696708
2019-07-11,663,594.8497469634253,0.3724057542982222,0.998570809852249
2019-07-12,664,594.912893547005,0.37752517187428986,0.9984966633031181
2019-07-13,665,595.0202527528544,0.38240299042156073,0.9991941685486027
2019-07-14,666,609.5703833251519,0.30835856106474396,0.9999150706085579
2019-07-15,667,609.6156277685332,0.3135758045435347,0.9999261500333786
2019-07-16,668,600.0164668995635,0.3714947163958278,0.99981178533745
2019-07-17,669,600.0188181861955,0.3769463487093141,0.9998948988353951
2019-07-18,670,595.0805579041887,0.4093958584470562,0.9998341885349683
2019-07-19,671,595.1000584639974,0.4147537788852603,0.9999136562110246
2019-07-20,672,590.4934853566928,0.44539079040058605,0.9999914724727169
2019-07-21,673,595.0706081600327,0.4258436712566516,0.9998941586153168
2019-07-22,674,595.0575397880207,0.43137956399988703,0.999835887325826
2019-07-23,675,595.0437738486492,0.43691926858661667,0.9997592882534235
2019-07-24,676,609.6307435995886,0.362673532242685,0.9998512196895563
2019-07-25,677,600.0355763076277,0.42057062126979394,0.9996133939269732
2019-07-26,678,595.0564087344914,0.4532436681175336,0.9995713495264827
2019-07-27,679,600.0385810634181,0.4314831635878794,0.9993321847571985
2019-07-28,680,608.4096686704461,0.3912039963363602,0.9995911996483636
2019-07-29,681,608.387860238829,0.39678764896814733,0.9995049313873997
2019-07-30,682,608.3593383169577,0.4024079873390287,0.9992913754910946
2019-07-31,683,595.0281581070068,0.48072044750269516,0.9984598209537201
2019-08-01,684,595.0113074172101,0.4862770086491251,0.9991007493827689
2019-08-02,685,595.2314606343249,0.490538466479099,0.9990823505418193
2019-08-03,686,595.2393244842342,0.49595997549598797,0.9995042105772843
2019-08-04,687,595.0029984956144,0.5027158552152218,0.9995384560790543
2019-08-05,688,609.4517820023715,0.42922523495971865,0.9993155752334323
2019-08-06,689,595.3008106332894,0.5120174282333911,0.9997280548051398
2019-08-07,690,595.3173123881986,0.5173917355836142,0.9996850036438455
2019-08-08,691,595.3406559972209,0.5227286557528913,0.9996176571506604
2019-08-09,692,609.442780234988,0.45113234844268824,0.9993932846915212
2019-08-10,693,608.3403061050967,0.4626212781142256,0.9993842416856448
2019-08-11,694,609.4953291108358,0.46177415786428544,0.9993386805366945
2019-08-12,695,626.9673565431657,0.37176307899909455,0.9992237739507807
2019-08-13,696,608.3376964839306,0.4790289809621279,0.9995240306725626
2019-08-14,697,609.9436606480047,0.47571770137702374,0.9993602175018615
2019-08-15,698,609.8662163056423,0.48160537537900383,0.9993132882474224
2019-08-16,699,625.3564654706471,0.40242368595274813,0.9989149799549055
2019-08-17,700,608.2862995591488,0.5011677619718645,0.9988904187953384
2019-08-18,701,586.2350790224019,0.6271307157245797,0.9997032895056303
2019-08-19,702,595.0980810899543,0.5841634913117248,0.9992329282802398
2019-08-20,703,626.9513304967942,0.4155665000175181,0.9953063616383938
2019-08-21,704,626.9570195095205,0.42099989339059846,0.9943537274400114
2019-08-22,705,626.9738912203604,0.4263721791237135,0.9950841043734144
2019-08-23,706,626.990408662079,0.43174640075366694,0.9969443937579067
2019-08-24,707,626.9857388847759,0.437236399536744,0.9968497495318595
2019-08-25,708,626.9592667938937,0.4428455366453897,0.9957396643122693
2019-08-26,709,626.9636594050971,0.4482860141797971,0.998287524760254
2019-08-27,710,627.0066899213041,0.45351535562128914,0.9985508004158506
2019-08-28,711,626.985576546701,0.45909521012731663,0.9997673690917027
2019-08-29,712,626.9746332085183,0.46461949066383446,0.9998160939126436
2019-08-30,713,626.9886403121938,0.47000742998801226,0.9997662620814908
2019-08-31,714,626.9911248605152,0.4754583340955451,0.9996426376015086
2019-09-01,715,626.9898332546962,0.48092987292515715,0.9994595215375173
2019-09-02,716,626.9954077684808,0.4863638919755145,0.9992073815515816
2019-09-03,717,626.9869619116972,0.4918745250726928,0.9988443727283788
2019-09-04,718,609.0944274247229,0.5951124184441373,0.9995626700446237
2019-09-05,719,626.9855088037864,0.5028114273017137,0.9978669972676257
2019-09-06,720,588.027853110956,0.7211592726177267,0.9999419551280971
2019-09-07,721,588.0335496289322,0.7265926249785127,0.9999388035553041
2019-09-08,722,588.0042042515012,0.732217463106551,0.999914348166723
2019-09-09,723,587.9247554351779,0.7381160905181537,0.9998745777901019
2019-09-10,724,587.7305403157584,0.7446418561980416,0.9998250913151767
2019-09-11,725,587.5668454445499,0.7510008445653009,0.9997352136724725
2019-09-12,726,673.9707390472265,0.28431290138127585,0.9859332829116993
2019-09-13,727,678.8977266702259,0.26285395262171646,0.8681463131602714
2019-09-14,728,727.9999984094712,8.69141403413753e-09,0.9476795096454096
2019-09-15,729,643.2330033813474,0.4686721126702326,0.8022501274501495
2019-09-16,730,643.1124159425816,0.4747955412973683,0.8047617062158325
2019-09-17,731,643.0094172611741,0.4808228564963163,0.8079278661096799
2019-09-18,732,642.8834227432268,0.48697583200422523,0.8130713223770549
2019-09-19,733,642.8116568161191,0.4928324764146496,0.8166194085831464
2019-09-20,734,642.6932381271407,0.4989440539500507,0.8235040656030503
2019-09-21,735,635.9845651865228,0.5410679498004219,0.7447602265217097
2019-09-22,736,635.983514682546,0.5465381711336285,0.7609660469381081
2019-09-23,737,635.9795004117618,0.5520245879138699,0.7843198739416761
2019-09-24,738,635.9736017786897,0.5575213017557938,0.8060536602022579
2019-09-25,739,635.9888832846652,0.5629022771329769,0.7765647085137592
2019-09-26,740,586.5019829285882,0.838786978532305,0.9973757352384318
2019-09-27,741,625.3677576029277,0.6318701770331822,0.9719569178132557
2019-09-28,742,659.2666945250211,0.4520945654370433,0.710815855761296
2019-09-29,743,677.5771173591693,0.3575020909335012,0.969213644538059
2019-09-30,744,654.5363167723635,0.4888725859433687,0.7237278393934715
2019-10-01,745,659.2843246551824,0.4683916685509156,0.693933663368758
2019-10-02,746,654.5949644949219,0.4994810683337601,0.6799596771281292
2019-10-03,747,641.9816558324422,0.5738707331560533,0.8693850293785237
2019-10-04,748,659.2742365303634,0.48484023753899785,0.7019668045496807
2019-10-05,749,677.4461786342033,0.39100448833768686,0.9732970708127759
2019-10-06,750,679.0170543771687,0.3878849487586408,0.9332288217751328
2019-10-07,751,678.7696328450569,0.3947014598630771,0.9339702003391256
2019-10-08,752,659.3606807436419,0.50622578828611,0.6964420190170842
2019-10-09,753,625.6192969167796,0.6960694157553027,0.9892009815585164
2019-10-10,754,642.3323541862625,0.6102057148291667,0.853108846756124
2019-10-11,755,642.3856522524397,0.61537894944022,0.8553814024906644
2019-10-12,756,659.303827365515,0.5283943859807926,0.6879341971597461
2019-10-13,757,678.4850295455822,0.4290435543957259,0.9413035557449371
2019-10-14,758,673.9376672312142,0.45935700966549636,0.8958634149896516
2019-10-15,759,673.9775738120037,0.4646034217923295,0.90908414015018
2019-10-16,760,673.9530889363621,0.4702016998013002,0.9227429224447337
2019-10-17,761,673.9938999995765,0.47544316940122155,0.9231476843396442
2019-10-18,762,678.3434096155067,0.45713983816662984,0.9553735558917408
2019-10-19,763,673.9955099106585,0.48636333382153835,0.9267042181203049
2019-10-20,764,673.9710927331879,0.49196124189514806,0.9333056755999628
2019-10-21,765,673.9764024992515,0.4973967076543631,0.9423640937816153
2019-10-22,766,673.9817767192444,0.5028318212063148,0.9536226503253868
2019-10-23,767,677.6193241316732,0.48841899381599324,0.9771274827564456
2019-10-24,768,673.9968454482745,0.5136784401733635,0.9705799585451239
2019-10-25,769,673.9520753253454,0.5193875665281673,0.9747380611813208
2019-10-26,770,673.984152013782,0.5246767649520108,0.9655739636163682
2019-10-27,771,673.9583799710905,0.5302820766607077,0.974760205039161
2019-10-28,772,673.8889436466274,0.5361259910020363,0.978414987343582
2019-10-29,773,677.5398730177691,0.5216400381542673,0.9873153988925548
2019-10-30,774,677.3995117108218,0.5278715207058918,0.9901543541356597
2019-10-31,775,677.2989088348281,0.5338857440719774,0.9915527298509352
2019-11-01,776,677.2242699023799,0.5397580879651372,0.9928753663122457
2019-11-02,777,677.2040813641354,0.5453328887205716,0.9934617645772271
2019-11-03,778,677.208044975831,0.550775710514585,0.9931054933172875
2019-11-04,779,677.0730179411568,0.5569780440373947,0.9944195262328598
2019-11-05,780,677.1293140447497,0.5621348959303297,0.9933676902430458
2019-11-06,781,677.0009080553814,0.5683010488776974,0.9946964439331176
2019-11-07,782,677.0693633478238,0.5733914571157169,0.9941359562195264
2019-11-08,783,677.0121769102764,0.5791684321842822,0.9945751125018335
2019-11-09,784,676.9262000268842,0.5851027320935289,0.9953028900934783
2019-11-10,785,635.9653902095728,0.8143967748110778,0.9928556999789147
2019-11-11,786,676.8695038662337,0.5963415089276848,0.995384240185203
2019-11-12,787,696.1899629705604,0.49622971054338594,0.9229638048876567
2019-11-13,788,676.6655904845272,0.6083847514506708,0.9968759228039508
2019-11-14,789,676.537180590316,0.6145509257359782,0.9976382689167963
2019-11-15,790,676.4372561790975,0.6205614416442758,0.9980970389090699
2019-11-16,791,696.0990553856456,0.5185843967997511,0.9602094905845611
2019-11-17,792,676.2277224452056,0.6326353964742865,0.9988641894600401
2019-11-18,793,676.1163536212204,0.6387084501572659,0.999113145961275
2019-11-19,794,694.9707399273782,0.5411434976646,0.9761132442798356
2019-11-20,795,694.9741572570082,0.5465893046065127,0.9779344217721223
2019-11-21,796,676.128330514204,0.6550364452775739,0.9989404362295548
2019-11-22,797,676.1420244756448,0.6604260957615038,0.9989245015986613
2019-11-23,798,676.2213884887609,0.6654568935040388,0.9986113400596128
2019-11-24,799,676.2092490940665,0.6709877098684889,0.9986667357004095
2019-11-25,800,694.9693681545689,0.573937878936782,0.9729260987263177
2019-11-26,801,676.3075449095804,0.6813795360132217,0.99826248362448
2019-11-27,802,676.3425558137238,0.6866527004714544,0.9981149893221986
2019-11-28,803,716.3526171571506,0.47348296635436843,0.934594933557011
2019-11-29,804,716.2730018004834,0.47938250382249525,0.9444657197218136
2019-11-30,805,716.2423479776785,0.48501449192525414,0.9464368957971241
2019-12-01,806,676.0714101283884,0.7099922943803914,0.9989743073088254
2019-12-02,807,712.9703422424803,0.5138232664345337,0.9004072106672087
2019-12-03,808,712.9684423615081,0.519298129172087,0.9146278409736783
2019-12-04,809,712.9670321602881,0.5247703160639994,0.9283064206517669
2019-12-05,810,675.5203226421668,0.7348616249061924,0.9997202585784091
2019-12-06,811,712.9812839092168,0.5356213994031868,0.9449686532301941
2019-12-07,812,694.9880157329477,0.6394097500931819,0.9823034484631438
2019-12-08,813,715.9293819623634,0.53044053572479,0.9704476870257336
2019-12-09,814,671.9203327910234,0.7763916240927684,0.9997874531028297
2019-12-10,815,675.5701884191037,0.7619115386934223,0.999452993151764
2019-12-11,816,675.6737060814866,0.7668103492814943,0.9990936608834626
2019-12-12,817,712.9897718829976,0.5683619022787015,0.8804915740649149
2019-12-13,818,717.5966974505266,0.5486519264998548,0.823984558065729
2019-12-14,819,750.5918789840573,0.3738148689395776,0.7584280510716872
2019-12-15,820,763.8369140663225,0.3069021089271995,0.8750971657358995
2019-12-16,821,743.2553342781933,0.42483423891697625,0.7373802028223779
2019-12-17,822,728.9609564619938,0.5084100739781762,0.752543649561373
2019-12-18,823,728.9661112064933,0.5138463868497631,0.7519119604963201
2019-12-19,824,728.9807891058324,0.5192306606238667,0.7388467875394111
2019-12-20,825,728.9984178817836,0.5245988093891609,0.7738987146347733
2019-12-21,826,728.985026273788,0.530136468449246,0.793176439733649
2019-12-22,827,728.9748754163963,0.5356564184896374,0.8115162668748656
2019-12-23,828,728.978651569912,0.5411002646452895,0.8338789552007977
2019-12-24,829,727.9725962077271,0.5520623158047702,0.8438886164333007
2019-12-25,830,728.9727517688115,0.5520614657441997,0.8510177906603954
2019-12-26,831,742.9963733840357,0.48089413451346624,0.8322390856512467
2019-12-27,832,750.5507003574307,0.4450781401233293,0.9353633962938426
2019-12-28,833,741.9840760382237,0.4973547757474112,0.8143823669006864
2019-12-29,834,763.7716807324616,0.38376130747288734,0.9563311777687992
2019-12-30,835,729.978478527317,0.5738880954791423,0.8423124131749101
2019-12-31,836,742.9970624846893,0.5082127733077086,0.826460410002178
2020-01-01,837,729.888098084521,0.5853109394288473,0.858348596404307
2020-01-02,838,729.8402884693041,0.5910366750311249,0.8738007794092051
2020-01-03,839,716.6945800414849,0.6683356281886073,0.8920284464127824
2020-01-04,840,694.9913840717767,0.7923968083509471,0.8820336116740318
2020-01-05,841,690.9898128413038,0.8197277986814001,0.7923397328028166
2020-01-06,842,785.8020833076616,0.3070924409417397,0.9963896495120553
2020-01-07,843,807.9472284409126,0.19154519977643406,0.9997255117499558
2020-01-08,844,813.5422860679038,0.16643559525735643,0.9997596294991341
2020-01-09,845,728.9072286520346,0.6343867286774064,0.931940628221368
2020-01-10,846,742.7666456825451,0.5641166902593163,0.9251633774963329
2020-01-11,847,785.6099345377881,0.3354648385913216,0.9985132408176391
2020-01-12,848,763.7095593624595,0.4606035007515877,0.9944842160254221
2020-01-13,849,758.9969876426387,0.4918197396577119,0.9597264353971277
2020-01-14,850,786.2331048672598,0.3484529788674326,0.9896164465907068
2020-01-15,851,807.9968081829745,0.23499011921871849,0.9813315115420397
2020-01-16,852,758.583292838688,0.510473809624656,0.9256845616118324
2020-01-17,853,783.988077465248,0.3771143307909945,0.930470104518428
2020-01-18,854,762.8433192236637,0.49812393866850446,0.9096670689568584
2020-01-19,855,763.9768482795484,0.49739427169645656,0.8474338009069119
2020-01-20,856,763.9504581023684,0.5030029611892436,0.8591483348871345
2020-01-21,857,765.848036685654,0.49809816018768277,0.6681023816954186
2020-01-22,858,765.0554447781685,0.5078937443815927,0.5134146018751446
2020-01-23,859,769.4830472958414,0.4891636759790087,0.8198408859781194
2020-01-24,860,769.3732984411674,0.49522787737066976,0.7611360589010524
2020-01-25,861,769.3501338856419,0.5008189405156183,0.7390525556313977
2020-01-26,862,769.1214237350541,0.507533203633584,0.6196512259615954
2020-01-27,863,769.4354605190332,0.5112816365080153,0.7204199434626286
2020-01-28,864,856.4262668867457,0.041386519744559126,0.9999961776963052
2020-01-29,865,856.3676472109559,0.047171326716088244,0.9999998496222838
2020-01-30,866,798.7828203306899,0.3673069927284705,0.9366972432725045
2020-01-31,867,798.7886722117798,0.3727394961104927,0.9048516070815509
2020-02-01,868,856.506175267516,0.06280778542340969,0.9999999718977755
2020-02-02,869,800.0764897177994,0.3766312037278721,0.9305620540008778
2020-02-03,870,856.4889842294929,0.07383068727053076,0.9999998943954267
2020-02-04,871,849.8942872118415,0.1153317638697185,0.9999992317030328
2020-02-05,872,856.4868612338469,0.08477125008826848,0.9999996711899297
2020-02-06,873,799.0256078245579,0.40423165123192384,0.8891536870464075
2020-02-07,874,798.9381728714648,0.41017391873516523,0.8901731463513842
2020-02-08,875,856.4580902133496,0.10132191140246131,0.9999994193775499
2020-02-09,876,856.5152729714889,0.10647391818858518,0.9999994631397042
2020-02-10,877,800.1417690758319,0.41999033291895127,0.9270633932425785
2020-02-11,878,800.1325759667951,0.4255050493617753,0.9503502249093476
2020-02-12,879,856.8988763937804,0.12077116724710181,0.9999994817146509
2020-02-13,880,799.229289095268,0.44137000494389084,0.9244833670090912
2020-02-14,881,846.4215255840127,0.18895341210922037,0.9999960897788012
2020-02-15,882,856.9991008807922,0.13661693507763834,0.9999999999998923
2020-02-16,883,789.1683941858081,0.5127410153780978,0.68818989706323
2020-02-17,884,800.2406007462026,0.4577016352666523,0.9998721040458303
2020-02-18,885,800.2371707897098,0.463184859072624,0.9997711337703091
2020-02-19,886,856.0241366243696,0.16380253210727,0.9999999999988686
2020-02-20,887,800.2319703922772,0.47414223829356744,0.999686823944288
2020-02-21,888,800.031624215982,0.48070150701649184,0.9996762033196636
2020-02-22,889,856.9977665978347,0.17487559236155903,0.9999999999990986
2020-02-23,890,850.9202336339192,0.21355063588022283,0.9999999999954897
2020-02-24,891,881.0072572417098,0.054605151684645935,0.9999999853443231
2020-02-25,892,856.4715961473062,0.1941442833480537,0.9999999999987106
2020-02-26,893,856.4764259007804,0.19958237212688285,0.9999999999996891
2020-02-27,894,848.9368164143389,0.24624690483967834,0.9999999999994074
2020-02-28,895,856.4988325920885,0.21038889293940685,0.9999999999997646
2020-02-29,896,856.4285024782603,0.21623769137562693,0.999999999999827
2020-03-01,897,856.1422887917042,0.22326618146609709,0.9999999999996001
2020-03-02,898,856.4716009657077,0.22693114226389238,0.9999999999990884
2020-03-03,899,856.4663076245638,0.23242454849965138,0.9999999999982986
2020-03-04,900,856.4791942317881,0.23781861075525607,0.9999999999974256
2020-03-05,901,856.5117598741633,0.243105137299654,0.999999999994492
2020-03-06,902,856.0774373548286,0.2509429652741607,0.999999999980994
2020-03-07,903,856.6499766399643,0.2532788161750586,0.9999999999751736
2020-03-08,904,847.9545268738989,0.3062594159896236,0.9999999999197814
2020-03-09,905,856.472165255659,0.2651794248324646,0.9999999999922675
2020-03-10,906,856.4946273131552,0.2705211622231956,0.9999999999971465
2020-03-11,907,856.5655984309326,0.27559782278178907,0.9999999999947822
2020-03-12,908,856.506436033629,0.28138559544465014,0.9999999999894281
2020-03-13,909,909.0,0.0,0.9999999994182484
2020-03-14,910,856.2504014387555,0.29371365334013394,1.0
2020-03-15,911,852.2346738803991,0.32112200065355684,1.0
2020-03-16,912,856.1582490419788,0.3051461800984764,1.0
2020-03-17,913,851.0032384155469,0.3387801179478312,1.0
2020-03-18,914,856.1640622529114,0.31604337566715063,1.0
2020-03-19,915,850.8967636564762,0.3502909089810044,1.0
2020-03-20,916,856.1234025691941,0.32719452147981354,1.0
2020-03-21,917,856.0683854307956,0.33295964245466875,1.0
2020-03-22,918,852.3831973769377,0.3585617629675536,1.0
2020-03-23,919,852.3037634043712,0.3644603092657309,1.0
2020-03-24,920,851.178435180671,0.37607412469578666,1.0
2020-03-25,921,862.4026661796547,0.32020400994724196,0.999999999999981
2020-03-26,922,852.1856004797113,0.3814994509305394,1.0
2020-03-27,923,856.0997233916581,0.3655752820127971,1.0
2020-03-28,924,856.0988393358082,0.37104459379339794,1.0
2020-03-29,925,856.102588745466,0.37648858609034946,1.0
2020-03-30,926,856.1140291505045,0.3818905510901393,1.0
2020-03-31,927,856.1005223482423,0.3874288396270913,1.0
2020-04-01,928,856.1011250324169,0.3928900271452628,1.0
2020-04-02,929,856.0977109561301,0.39837316417415264,1.0
2020-04-03,930,856.0996375498175,0.4038271172141118,1.0
2020-04-04,931,856.1007231734767,0.40928566571870656,1.0
2020-04-05,932,849.8719143866741,0.4487873530782835,0.9999999999999999
2020-04-06,933,856.1193817226319,0.4201126681823391,0.9999999999999999
2020-04-07,934,856.0880435862969,0.4257483957032958,1.0
2020-04-08,935,856.092914557343,0.431186259249492,1.0
2020-04-09,936,856.0901027750416,0.4366661050544175,1.0
2020-04-10,937,856.0946287384097,0.4421058538884715,1.0
2020-04-11,938,856.1394965656381,0.44732515537902695,1.0
2020-04-12,939,850.636729108006,0.48285940378138814,1.0
2020-04-13,940,850.5075008859131,0.4890300498037533,1.0
2020-04-14,941,855.3964529962375,0.46777894537575143,1.0
2020-04-15,942,855.3672139749207,0.47340320232283783,1.0
2020-04-16,943,855.3475812339333,0.4789749659347908,1.0
2020-04-17,944,855.3742371239316,0.484293786208024,1.0
2020-04-18,945,855.34223412289,0.48993314686945366,1.0
2020-04-19,946,848.0421811379539,0.5352886276614541,1.0
2020-04-20,947,848.9295587747171,0.5359040504113821,1.0
2020-04-21,948,848.9318065760052,0.5413562482185508,1.0
2020-04-22,949,880.9904794692751,0.3716367242116115,0.9999999999642865
2020-04-23,950,848.889609512953,0.5525157950111856,0.9999999999999999
2020-04-24,951,904.0199928326618,0.2567213506411921,0.9999883770973824
2020-04-25,952,848.0268980222443,0.568159027200851,0.9999999999999998
2020-04-26,953,855.4105501781072,0.533275682086846,0.9999999999999989
2020-04-27,954,880.9858703862055,0.39898431482947794,0.9999999997316736
2020-04-28,955,880.9859687048437,0.40444825844347715,0.9999999994796253
2020-04-29,956,855.2946642737447,0.5503023810177884,0.9999999999999984
2020-04-30,957,880.983181954794,0.4153924483344592,0.9999999991952832
2020-05-01,958,904.0029030479878,0.29506610356290797,0.9999001989338597
2020-05-02,959,876.2025310011145,0.4524451857862596,0.9999999921203435
2020-05-03,960,876.154694025087,0.45817107090116393,0.9999999884339232
2020-05-04,961,887.2924683711846,0.40277339687877295,0.999041770504561
2020-05-05,962,880.9791944502156,0.44273664234854876,0.9999999917637106
2020-05-06,963,880.988327072635,0.4481512181823224,0.999999994344158
2020-05-07,964,876.1054844167818,0.48029789936184814,0.9999999716297305
2020-05-08,965,855.3209829078503,0.5993388912139328,0.9999999999999335
2020-05-09,966,856.0615969073104,0.6007563010529484,0.9999999999999958
2020-05-10,967,856.0566059712638,0.6062480548018371,0.9999999999999944
2020-05-11,968,881.0045194328059,0.47538513971144336,0.9999999996612666
2020-05-12,969,881.0079238081071,0.4808310174420378,0.9999999995061931
2020-05-13,970,856.0617010985877,0.6226136551989743,0.9999999999999862
2020-05-14,971,881.0081454895504,0.49175876781666433,0.9999999983053494
2020-05-15,972,856.0646986717595,0.6335262367663415,0.999999999999909
2020-05-16,973,881.0061878636424,0.5026984269746319,0.9999999947854137
2020-05-17,974,881.0063573393769,0.5081619817520387,0.9999999909383879
2020-05-18,975,904.0045264532748,0.387953407359154,0.9998954378264171
2020-05-19,976,904.002994066774,0.3934262619301966,0.9998648443267882
2020-05-20,977,887.6608318805374,0.4881921755161888,0.99878390464151
2020-05-21,978,880.9845557268641,0.5301390397439122,0.9999999327622766
2020-05-22,979,904.027120230565,0.4096878675925413,0.9996209973534097
2020-05-23,980,904.0074265220042,0.41525996436063306,0.9995120361055997
2020-05-24,981,849.0577883670287,0.7209956919834497,0.999999999991912
2020-05-25,982,881.0067462001003,0.5518757038245883,0.9999997151956336
2020-05-26,983,856.0530232007642,0.6936993267717804,0.9999999999686534
2020-05-27,984,904.2449933401041,0.43581970852402135,0.9983126242577625
2020-05-28,985,904.0118972970449,0.44255793826751405,0.9988648445918356
2020-05-29,986,904.0037755656076,0.44806680018793654,0.9985672311166788
2020-05-30,987,904.2638886028149,0.452109898345274,0.9979496812197427
2020-05-31,988,904.0018270948426,0.45900640931779996,0.9976384357714526
2020-06-01,989,904.2810389308122,0.46294514245457813,0.9960876794190323
2020-06-02,990,904.0116533057196,0.4698816759250294,0.9959623215971571
2020-06-03,991,904.2481301880063,0.4740539333988729,0.9948988194795773
2020-06-04,992,904.019614602317,0.4807671333206721,0.9939526410339434
2020-06-05,993,904.0025603572344,0.48632480679106876,0.9933150333710999
2020-06-06,994,904.3114975110025,0.49010110649725425,0.9893717669680697
2020-06-07,995,904.0361192153273,0.49707038680149024,0.9880244026591877
2020-06-08,996,904.2700137465662,0.5012567554832449,0.9818354009989098
2020-06-09,997,904.0049671632712,0.5081695783427803,0.9799664228308337
2020-06-10,998,904.2336010565958,0.5123846936798042,0.969176006490158
2020-06-11,999,881.005904163171,0.6447764799826724,0.9999316153527054
2020-06-12,1000,880.9979635542549,0.6502843521625418,0.9999028943043894
2020-06-13,1001,916.9938815209013,0.45904982775463793,0.9692871955259418
2020-06-14,1002,946.9781956271355,0.3006655976659262,0.7251203972556974
2020-06-15,1003,916.9963070497649,0.46996553524718615,0.9809397810279885
2020-06-16,1004,935.967586397972,0.3717618229619016,0.8420114152932547
2020-06-17,1005,916.7136751391342,0.4824389336659331,0.9866006824011657
2020-06-18,1006,916.7302011030749,0.48781310872636646,0.9901746556248227
2020-06-19,1007,916.7295911152896,0.4932809228672698,0.9919534247717361
2020-06-20,1008,916.9929485918112,0.4973062918480261,0.9951853585396697
2020-06-21,1009,916.995959083531,0.5027543219479178,0.9965645359247324
2020-06-22,1010,916.9952478545882,0.50822268931919,0.9975113464068656
2020-06-23,1011,916.9923210899198,0.5137031634430614,0.9982217645593029
2020-06-24,1012,916.9987641391149,0.5191324363982793,0.9987602519310205
2020-06-25,1013,916.9906167247213,0.5246414386627248,0.9991404849427896
2020-06-26,1014,916.6896512452146,0.5317505396436362,0.9992036721639357
2020-06-27,1015,916.9869981291046,0.5355901741578986,0.999532921052368
2020-06-28,1016,916.9984484958868,0.54099208472193,0.9996091141797921
2020-06-29,1017,916.909577610517,0.546942198849634,0.999731549967898
2020-06-30,1018,916.9463029289627,0.5522059949237009,0.9998160220550971
2020-07-01,1019,916.9834584901628,0.5574674399444657,0.9998725332916558
2020-07-02,1020,916.9955401670425,0.562865900726544,0.9999121457320055
2020-07-03,1021,916.988232070971,0.5683703165520712,0.9999384502382067
2020-07-04,1022,916.994483986034,0.5738006339560985,0.9999611996674872
2020-07-05,1023,916.9964087709465,0.579254596880074,0.9999736813419462
2020-07-06,1024,916.9396878508212,0.5850290281375891,0.9999823046182236
2020-07-07,1025,916.7577046916826,0.5914879525044664,0.9999874072913804
2020-07-08,1026,916.7329230180607,0.5970878523603242,0.9999921396615365
2020-07-09,1027,946.9845583166061,0.43724285072892827,0.9993017990669918
2020-07-10,1028,969.9718815647909,0.31709354336179824,0.9999999999752976
2020-07-11,1029,946.9917829589555,0.4481323335576204,0.9996782060763986
2020-07-12,1030,916.683412991002,0.619216322453541,0.9999989057855408
2020-07-13,1031,916.9922494989639,0.6229931721368092,0.9999994271957513
2020-07-14,1032,916.9943149447172,0.6284463664223104,0.9999996720805306
2020-07-15,1033,916.7489343125663,0.6352517250679435,0.9999997305163537
2020-07-16,1034,916.7815176825044,0.6405381547404132,0.9999998364508631
2020-07-17,1035,916.6991659952312,0.6464526448348024,0.9999998821996211
2020-07-18,1036,916.9950623629255,0.6503002056670737,0.9999999368874218
2020-07-19,1037,935.9673749767728,0.5520908471214601,0.9999905648371611
2020-07-20,1038,969.9664473639825,0.3717680471913523,0.9999999999999776
2020-07-21,1039,969.9605323165817,0.37726485072906146,0.9999999999997371
2020-07-22,1040,916.6688483583623,0.6739407193532114,0.9999999748254925
2020-07-23,1041,969.9638366432813,0.3881757560476432,0.9999999999997975
2020-07-24,1042,916.7109732214955,0.684639490592921,0.9999999554811122
2020-07-25,1043,946.9729280096283,0.5247380983080422,0.9999828349278793
2020-07-26,1044,946.959405875866,0.5302764706236832,0.9999895394763655
2020-07-27,1045,916.9955523344705,0.6994778560957895,0.9999999866690462
2020-07-28,1046,946.9675710667724,0.5411608138427738,0.9999950910598999
2020-07-29,1047,946.9681667877253,0.5466220394113371,0.9999962183838116
2020-07-30,1048,916.9957343799648,0.7158703039346186,0.9999999955396448
2020-07-31,1049,969.9475117076289,0.43198081034082564,0.9999999999999974
2020-08-01,1050,946.8818665057346,0.5634870682746743,0.9999961883855328
2020-08-02,1051,946.8872605487486,0.5689220735041061,0.9999977033823282
2020-08-03,1052,946.8800783613541,0.574425801304076,0.999998077421162
2020-08-04,1053,916.703141914224,0.7447915742392129,0.9999999982561715
2020-08-05,1054,916.7270874371073,0.7501252052617086,0.9999999989428985
2020-08-06,1055,916.6751591616369,0.75587344720417,0.9999999993957029
2020-08-07,1056,916.7179576541384,0.7611040565347625,0.9999999996543616
2020-08-08,1057,916.7612993259909,0.766331697672181,0.9999999998215381
2020-08-09,1058,993.9290865829091,0.3501142809677097,0.9999999999999813
2020-08-10,1059,969.9453253957773,0.4866375661432933,1.0
2020-08-11,1060,969.9461970669382,0.49209728378722284,1.0
2020-08-12,1061,969.9503682435478,0.49753897134673325,1.0
2020-08-13,1062,969.9335409992062,0.5030954043759223,1.0
2020-08-14,1063,969.9252509753981,0.5086051859267866,0.9999999999999994
2020-08-15,1064,969.6931762804846,0.5153378345328709,0.9999999987571129
2020-08-16,1065,969.4756173645217,0.5219911619425045,0.9999999964330002
2020-08-17,1066,969.985775919274,0.524667891151508,0.9999998884321433
2020-08-18,1067,969.982477494705,0.5301503962037979,0.9999999333207854
2020-08-19,1068,969.9792448796845,0.5356325416410681,0.9999999565950498
2020-08-20,1069,969.6995109948442,0.5426256229789933,0.9999999701697665
2020-08-21,1070,969.6751243563087,0.5482233641731763,0.9999999804515771
2020-08-22,1071,969.65309465056,0.5538082259532242,0.999999985850953
2020-08-23,1072,969.7799873705811,0.5585793039858955,0.9999999898296693
2020-08-24,1073,969.722073646569,0.5643602532974371,0.9999999756019242
2020-08-25,1074,969.9686023677697,0.5684775826897832,0.999999982262891
2020-08-26,1075,969.6875982183101,0.5754776053644257,0.9999999887335238
2020-08-27,1076,969.6439995571005,0.5811803302890681,0.9999999824917903
2020-08-28,1077,969.761221697117,0.5860042530212187,0.9999999774931161
2020-08-29,1078,969.6654571174831,0.5919920376093818,0.9999999868969636
2020-08-30,1079,969.9565448844614,0.5958658749482981,0.9999999909171201
2020-08-31,1080,969.7030269777264,0.6027156995752657,0.9999999948139242
2020-09-01,1081,969.7240162802359,0.6080654848074541,0.9999999967554791
2020-09-02,1082,969.7021274535468,0.6136495767565746,0.9999999882543419
2020-09-03,1083,969.683683337628,0.6192148451495735,0.9999999805639578
2020-09-04,1084,969.6473824210146,0.6248776916884445,0.9999999211770533
2020-09-05,1085,969.9795734073963,0.6285269212710586,0.9999999501719554
2020-09-06,1086,969.6483544411255,0.635801341851773,0.9999999598222894
2020-09-07,1087,969.9878632869132,0.6394105831316217,0.9999999698744035
2020-09-08,1088,969.9920686050187,0.6448520841255806,0.9999999798617689
2020-09-09,1089,969.575775441953,0.6525913910275789,0.9999999552069327
2020-09-10,1090,969.6539641023841,0.6576286114623822,0.999999936560101
2020-09-11,1091,969.6308036619039,0.6632196521207439,0.9999999652448907
2020-09-12,1092,969.3982137360047,0.6699551161966958,0.9999999770633704
2020-09-13,1093,969.9728881498236,0.67227929972774,0.9998263755877969
2020-09-14,1094,969.9809867934136,0.6776995257190511,0.9987950935534663
2020-09-15,1095,969.7012009961683,0.6846928907313209,0.9989873674905537
2020-09-16,1096,969.8901040216881,0.6891251146355841,0.9992936732564444
2020-09-17,1097,969.9602796705119,0.6942061220190606,0.99905258915625
2020-09-18,1098,969.7060636566933,0.7010597614388342,0.9990444979066103
2020-09-19,1099,969.8328132736453,0.7058316214554899,0.9992147907598439
2020-09-20,1100,969.973057436322,0.7105297407851254,0.9953542331669067
2020-09-21,1101,969.984459559399,0.7159319149759614,0.9967288719730671
2020-09-22,1102,969.9848182606793,0.721394435733993,0.995995830967068
2020-09-23,1103,969.996261938484,0.726796382849814,0.996811647073114
2020-09-24,1104,969.3517064699555,0.7357830247543415,0.9992915911855731
2020-09-25,1105,969.8657086274294,0.7384387506697847,0.9995200354824021
2020-09-26,1106,970.0011726674375,0.7431629908883199,0.9990697397216701
2020-09-27,1107,969.7723861758059,0.7498776711704597,0.9989396273547475
2020-09-28,1108,969.9840109699953,0.7541857324043971,0.9991119080850941
2020-09-29,1109,969.9752872735337,0.759697883751182,0.9992973065860475
2020-09-30,1110,969.9197986537614,0.7654655811269868,0.9997052720510771
2020-10-01,1111,969.8584249210643,0.7712654375898127,0.9999294101581155
2020-10-02,1112,969.9576901982662,0.7761874852553762,0.9997768686231439
2020-10-03,1113,969.9520806006915,0.7816826196683525,0.9999014107711947
2020-10-04,1114,969.980812910126,0.7869900933872895,0.9998998378659226
2020-10-05,1115,969.9612263577508,0.7925616046024547,0.9999355397512083
2020-10-06,1116,969.9995196315153,0.7978168326146703,0.9999752136065736
2020-10-07,1117,969.999685338413,0.8032804079868143,0.9999612901778105
2020-10-08,1118,1062.0920216658742,0.3055080783285563,0.971257514401833
2020-10-09,1119,1062.2171205502134,0.3102889587420033,0.9777809547495941
2020-10-10,1120,1062.1844735459576,0.31593183854667956,0.9745137820564411
2020-10-11,1121,1062.2142582369918,0.321233561546493,0.9746322215694483
2020-10-12,1122,1062.1859323881965,0.32685282847980035,0.9765506510222525
2020-10-13,1123,1038.489419113037,0.461806452934224,0.8495153163250616
2020-10-14,1124,1038.493453504154,0.46724888795544206,0.8521598273075452
2020-10-15,1125,969.7945440252499,0.8481172457636615,0.9999959457103013
2020-10-16,1126,969.8130864559425,0.8534804018800954,0.999996773823746
2020-10-17,1127,969.8021269278519,0.8590047708860553,0.9999962940297387
2020-10-18,1128,969.7861547889876,0.8645565312077181,0.9999973658790576
2020-10-19,1129,969.7390129110672,0.8702786179723103,0.9999972932258369
2020-10-20,1130,969.827980845811,0.8752569352687923,0.999995009892488
2020-10-21,1131,1062.2357989690092,0.37576066137153424,0.9824911903192939
2020-10-22,1132,1062.2310040808459,0.38125134382051434,0.9815624422314592
2020-10-23,1133,1001.7257015259013,0.7173458933010859,0.9999876581616053
2020-10-24,1134,969.6899202670011,0.8978692881584641,0.9999987900884035
2020-10-25,1135,1062.2434548113604,0.39757674966469736,0.9754372703778286
2020-10-26,1136,1062.272375965562,0.40288319144501583,0.9718316677672119
2020-10-27,1137,996.2541066847144,0.7691032421600305,0.9999954665875723
2020-10-28,1138,1062.1978976095784,0.41421913874547334,0.9735613884395827
2020-10-29,1139,969.2339513637226,0.9276833258812975,0.9999998890274308
2020-10-30,1140,969.1240483657122,0.9337483695862724,0.9999999310321998
2020-10-31,1141,969.7133945086706,0.9359923797340404,0.9999998127022679
2020-11-01,1142,969.6308795975601,0.9419077617619666,0.9999999174990787
2020-11-02,1143,969.585630697228,0.9476195043867323,0.9999999673180474
2020-11-03,1144,1059.9593339656271,0.45923861220968776,0.8847381461969412
2020-11-04,1145,1059.9329228013028,0.4648474163863237,0.8766953784847558
2020-11-05,1146,969.0392467663766,0.9669986515498549,0.9999999986274055
2020-11-06,1147,1090.8595861880856,0.3067782175514449,0.9996406911657963
2020-11-07,1148,969.0632677932973,0.9777963508562988,0.9999999950967412
2020-11-08,1149,966.0000000000001,0.9999999999999993,0.9999999976671665
2020-11-09,1150,1062.0012659540146,0.48086739915839033,0.9945133640914732
2020-11-10,1151,1038.4508440478905,0.6150227101208167,0.9886539498992498
2020-11-11,1152,1062.1028007771088,0.4912415258081488,0.9999704835830148
2020-11-12,1153,1057.28869386308,0.5230126018410931,0.9999274568787369
2020-11-13,1154,1062.10041217138,0.5021835400471041,0.9999891711614535
2020-11-14,1155,1080.0033861939694,0.409817561781588,0.8355354846444156
2020-11-15,1156,1102.6713064464263,0.29141362597581233,0.9938121699703439
2020-11-16,1157,1080.0040736156288,0.42074276712771125,0.8116213889811951
2020-11-17,1158,1080.0027067759202,0.4262147170714745,0.8060984347436022
2020-11-18,1159,1080.0066156947694,0.43165783773350064,0.790433186467899
2020-11-19,1160,1062.2013458618371,0.5344188750719283,0.999980359726726
2020-11-20,1161,1064.5843251422202,0.5268616112446982,0.9447678520277638
2020-11-21,1162,1080.003465224339,0.4480684960418638,0.7626877139826231
2020-11-22,1163,1080.0036048435338,0.4535322139697605,0.754141474700134
2020-11-23,1164,1080.002969604464,0.45900016609582545,0.7433862815942553
2020-11-24,1165,1080.0027372407235,0.464465916717358,0.7288190132274784
2020-11-25,1166,1080.0432131698437,0.4697092176511271,0.734358738174697
2020-11-26,1167,1080.3657446157968,0.473411231607668,0.8048116082886174
2020-11-27,1168,1080.0011326655567,0.48086812751061897,0.7279864196903174
2020-11-28,1169,1080.0006790088398,0.48633508738338893,0.7121027748155461
2020-11-29,1170,1080.0102567593513,0.4917472308232172,0.6978092812048537
2020-11-30,1171,1064.5698191086656,0.5815856879307892,0.8944193142793286
2020-12-01,1172,1054.8390496735647,0.640223772275603,0.9998052373347945
2020-12-02,1173,1054.5910748762212,0.6470433066873157,0.9998893952129113
2020-12-03,1174,1054.4865515527165,0.6530789532638444,0.9998631765189888
2020-12-04,1175,1087.4993054831973,0.47814587167651745,0.9868216911066217
2020-12-05,1176,1096.837462202849,0.4325821737549229,0.9941670586453127
2020-12-06,1177,1102.8086204156389,0.40541737477792966,0.9957720357265629
2020-12-07,1178,1102.8545513686565,0.4106308668379425,0.9970612517920212
2020-12-08,1179,1102.8570730612407,0.41608156797136214,0.9979575740058891
2020-12-09,1180,1087.4325567473204,0.5058330232386863,0.9926692698111871
2020-12-10,1181,1087.490434867499,0.5109812302322456,0.994727726384272
2020-12-11,1182,1087.4864277415345,0.5164676079697569,0.99624784701372
2020-12-12,1183,1102.6596563261742,0.4390182714416712,0.9966785335801289
2020-12-13,1184,1102.9410856893437,0.442944886943477,0.9987017806961196
2020-12-14,1185,1102.847420744546,0.4489211981172346,0.9989055699205646
2020-12-15,1186,1102.829805833502,0.4544819353360549,0.9991467924230505
2020-12-16,1187,1102.8733617523123,0.45970840572506916,0.9994165067512021
2020-12-17,1188,1102.891212157786,0.4650753434000767,0.9995060518017242
2020-12-18,1189,1102.9027001746958,0.4704770482257058,0.9996656883370275
2020-12-19,1190,1102.8789651248808,0.4760712288257881,0.9997259425421254
2020-12-20,1191,1102.898308603151,0.4814300076330546,0.9997886541609053
2020-12-21,1192,1102.8341901633166,0.4872448624955375,0.9998569025553694
2020-12-22,1193,1100.9413042891777,0.5030529820263516,0.9998165303012979
2020-12-23,1194,1092.3357736409534,0.555542220541238,0.9997996770759287
2020-12-24,1195,1102.8540220375019,0.5035299342213013,0.9997417271675748
2020-12-25,1196,1092.4357376482176,0.5659249308840569,0.9996788580983906
2020-12-26,1197,1092.1968345537466,0.5726948931489256,0.9997817866662682
2020-12-27,1198,1092.2097318706676,0.5780888968815977,0.9998459395035112
2020-12-28,1199,1102.9856326872005,0.5246686738404347,0.9999007701305044
2020-12-29,1200,1092.1046606841182,0.5895920181195724,0.9998633285918328
2020-12-30,1201,1091.7320678086046,0.5970925256360404,0.9998883373404102
2020-12-31,1202,1091.7118014600023,0.6026677515846867,0.999905829275699
2021-01-01,1203,1091.600690284222,0.6087393973539776,0.9999372526683756
2021-01-02,1204,1090.3820554531867,0.620863084955264,0.9998887875330486
2021-01-03,1205,1090.368086065021,0.6264039012840378,0.9999256280222525
2021-01-04,1206,1090.3489837735474,0.6319727662647684,0.9992868178978335
2021-01-05,1207,1102.8762567104598,0.5689822037679795,0.9993787483535521
2021-01-06,1208,1090.3270997818522,0.6430213126674742,0.9995676741876633
2021-01-07,1209,1089.5800969489162,0.6525677762354306,0.996696696822921
2021-01-08,1210,1089.8953116873759,0.656309772200132,0.9978978838847099
2021-01-09,1211,1102.8710046403057,0.5908688271021545,0.9950459905290879
2021-01-10,1212,1087.4546870420506,0.680575480644532,0.9990018600150951
2021-01-11,1213,1087.4820315454012,0.6858905380032719,0.9993121693614962
2021-01-12,1214,1089.9751853645064,0.6777312275163585,0.9948689226272104
2021-01-13,1215,1089.7484796175897,0.6844345376087992,0.9946756095711224
2021-01-14,1216,1087.4573224082135,0.7024190032338061,0.9932291652041559
2021-01-15,1217,1090.0026346453383,0.6939746740691898,0.9946119446378874
2021-01-16,1218,1142.714186351571,0.41139788878922945,0.99988914922908
2021-01-17,1219,1138.2460076089721,0.4412786469455074,0.9998804921279851
2021-01-18,1220,1091.3117850970445,0.7032142890871883,0.9968730021239399
2021-01-19,1221,1091.224759748114,0.7091543183163175,0.9973921944035686
2021-01-20,1222,1135.3089682166462,0.4737214851549386,0.9999088386292798
2021-01-21,1223,1137.5394375151052,0.46699760920707545,0.999875602914236
2021-01-22,1224,1091.4819986941395,0.7241420836385819,0.9939430985669134
2021-01-23,1225,1146.6633499055417,0.4280691261992255,0.9999165469586856
2021-01-24,1226,1091.3632746475648,0.7357198106690447,0.995223708913724
2021-01-25,1227,1144.2413852683762,0.4522328673859222,0.9999297684877853
2021-01-26,1228,1140.288342742938,0.4792986735358575,0.9999284197333455
2021-01-27,1229,1145.8098400203096,0.45459103814038476,0.9999569310870848
2021-01-28,1230,1144.7294921882137,0.4659590590807993,0.9999512263533861
2021-01-29,1231,1203.0221986501645,0.152884160381615,0.9997295487523994
2021-01-30,1232,1203.0261403913155,0.1583271016868006,0.9995924498270112
2021-01-31,1233,1163.8562539495774,0.37783467787116165,0.9306363570049336
2021-02-01,1234,1139.2573359341325,0.517719475769768,0.9999706493686353
2021-02-02,1235,1163.767830110898,0.38924682999509236,0.9354808469726308
2021-02-03,1236,1130.6507858423709,0.5756787658886838,0.9999727036893916
2021-02-04,1237,1149.3281632356573,0.47908107521498766,0.9999882316516769
2021-02-05,1238,1203.554100217338,0.18822896056099497,0.9999876081288308
2021-02-06,1239,1164.7545111130187,0.40571305402722035,0.9999963272905236
2021-02-07,1240,1190.4715776697824,0.27064711655856616,0.9999992705014485
2021-02-08,1241,1183.2419556440861,0.3156177287208407,0.9999988499816804
2021-02-09,1242,1242.0,0.0,0.9999999999999994
2021-02-10,1243,1241.3830231449979,0.00883593909837225,0.9999999999999976
2021-02-11,1244,1238.8229718951522,0.028289771064741804,1.0
2021-02-12,1245,1236.8176039217533,0.04471254687566509,0.9999999999999999
2021-02-13,1246,1245.9999776604436,1.220740785833723e-07,0.9999999999999999
2021-02-14,1247,1246.9999692650163,1.679507308115399e-07,1.0
2021-02-15,1248,1236.915101331655,0.06057321676691244,1.0
2021-02-16,1249,1236.7430813788994,0.06697769738306321,1.0
2021-02-17,1250,1236.8048684977582,0.07210454372809723,1.0
2021-02-18,1251,1236.7003385597698,0.07814022644934557,1.0
2021-02-19,1252,1236.5373863684265,0.08449515645668582,1.0
2021-02-20,1253,1236.4352132631493,0.09051796031065952,0.9999999999999999
2021-02-21,1254,1236.36436806555,0.09636957341229495,0.9999999999999998
2021-02-22,1255,1213.4248388452054,0.22718667297701975,1.0
2021-02-23,1256,1213.433700289893,0.23260273065632203,1.0
2021-02-24,1257,1236.4004728212967,0.11256572228799608,0.9999999999999999
2021-02-25,1258,1236.3973607710723,0.11804720890124441,0.9999999999999999
2021-02-26,1259,1211.7509025022896,0.2581917896049749,1.0
2021-02-27,1260,1236.3863329135434,0.12903643216642974,0.9999999999999996
2021-02-28,1261,1236.9165342592828,0.1316036379274164,0.999999999999999
2021-03-01,1262,1209.4243781352743,0.28729848013511305,1.0
2021-03-02,1263,1236.3512188186928,0.1456217550891103,0.9999999999999964
2021-03-03,1264,1236.3566219401775,0.15105671070941232,0.9999999999999929
2021-03-04,1265,1233.871476335381,0.1701012222110329,0.9999999999999813
2021-03-05,1266,1204.4549868051363,0.3363115475129165,1.0
2021-03-06,1267,1204.3532891164778,0.3423317534618702,1.0
2021-03-07,1268,1233.7736821697686,0.18702905918159254,0.9999999999999972
2021-03-08,1269,1233.7116853953064,0.1928323202442273,0.999999999999995
2021-03-09,1270,1204.1830816707911,0.3596552914164419,1.0
2021-03-10,1271,1204.1314335329223,0.3654020025523371,1.0
2021-03-11,1272,1213.2818677019293,0.3208641109184192,1.0
2021-03-12,1273,1213.3363332989572,0.32603096557946865,1.0
2021-03-13,1274,1203.8067143347648,0.38356986702314305,1.0
2021-03-14,1275,1223.1547980282294,0.2833071145998395,0.999999999999971
2021-03-15,1276,1233.333753602044,0.2331488874205246,0.9999999999998777
2021-03-16,1277,1204.1901695200718,0.39786792611982635,1.0
2021-03-17,1278,1213.3585837244082,0.35323178292673135,1.0
2021-03-18,1279,1223.0060398433,0.30597792435355214,0.9999999999998235
2021-03-19,1280,1233.1180723497857,0.25618539699570636,0.9999999999982088
2021-03-20,1281,1203.786103522836,0.42193386053095133,1.0
2021-03-21,1282,1203.7812920220763,0.42742463375914597,1.0
2021-03-22,1283,1203.7810350213601,0.432890519008961,1.0
2021-03-23,1284,1203.7765785382119,0.4383793522502083,1.0
2021-03-24,1285,1203.7711604511142,0.44387344015784613,1.0
2021-03-25,1286,1203.7639586821253,0.44937727496106367,1.0
2021-03-26,1287,1203.7688990933361,0.45481475905280805,1.0
2021-03-27,1288,1203.762883732617,0.46031211075072703,1.0
2021-03-28,1289,1203.7564202557717,0.4658119111706466,1.0
2021-03-29,1290,1203.7566269340025,0.47127526265572406,1.0
2021-03-30,1291,1203.7528875757305,0.47676017718180064,0.9999999999999999
2021-03-31,1292,1203.7540159248258,0.4822184922140666,0.9999999999999998
2021-04-01,1293,1203.754618381918,0.4876796809731262,0.9999999999999997
2021-04-02,1294,1201.9520355781947,0.5029943411027613,0.999999999999999
2021-04-03,1295,1203.7506622254407,0.4986302610631656,0.9999999999999983
2021-04-04,1296,1203.7429198004775,0.504137050270615,0.9999999999999963
2021-04-05,1297,1203.751826380733,0.5095528613074696,0.9999999999999947
2021-04-06,1298,1198.3751424276197,0.5443981288108212,0.9999999999999805
2021-04-07,1299,1206.0293833887558,0.5080361563455965,1.0
2021-04-08,1300,1208.6077070922522,0.4994114366543595,1.0
2021-04-09,1301,1208.1322020600642,0.5074743056827095,1.0
2021-04-10,1302,1206.0354013438107,0.5243967139682476,1.0
2021-04-11,1303,1204.5250907957873,0.5381142579465177,1.0
2021-04-12,1304,1204.4844157437133,0.5438010068649548,1.0
2021-04-13,1305,1207.4382361679811,0.5331243925246932,1.0
2021-04-14,1306,1213.414549739043,0.505931422191022,1.0
2021-04-15,1307,1204.3725818947435,0.5608055634167024,1.0
2021-04-16,1308,1204.41300290648,0.5660491644454647,1.0
2021-04-17,1309,1223.2074249314953,0.4688118856202441,0.9999999999999672
2021-04-18,1310,1233.857984513519,0.41607658735781905,0.9999999999998673
2021-04-19,1311,1232.5330076848697,0.4287813787712036,0.9999999999998247
2021-04-20,1312,1204.3105715750967,0.5884668219940072,1.0
2021-04-21,1313,1232.5100309367472,0.43983589652050725,0.9999999999992074
2021-04-22,1314,1204.2725681474612,0.5996034527461134,0.9999999999999998
2021-04-23,1315,1213.4287843243997,0.555033965440439,0.9999999999999966
2021-04-24,1316,1233.1176963946618,0.45290876287070037,0.9999999999958886
2021-04-25,1317,1233.8261602946318,0.4545018563134875,0.9999999999916268
2021-04-26,1318,1232.4634888462906,0.46741262925524263,0.9999999999865457
2021-04-27,1319,1232.4720042215274,0.47283057802444034,0.9999999999774242
2021-04-28,1320,1203.370378367344,0.6373203367904695,0.9999999999999837
2021-04-29,1321,1203.282629743353,0.6432643183423332,0.9999999999999636
2021-04-30,1322,1232.4568591506657,0.48930678059745547,0.999999999952628
2021-05-01,1323,1232.1680805469684,0.49634928662858774,0.9999999999057797
2021-05-02,1324,1205.6727419906147,0.6465970383026521,0.9999999999999751
2021-05-03,1325,1232.4484953314031,0.5057459271508026,0.9999999997416096
2021-05-04,1326,1232.4400622006908,0.5112564907066075,0.9999999994850072
2021-05-05,1327,1223.1216905831943,0.5676410350645119,0.9999999994961546
2021-05-06,1328,1213.3573740981017,0.6264624366223952,0.9999999999961233
2021-05-07,1329,1223.006460712166,0.57919966823953,0.9999999980875944
2021-05-08,1330,1204.1084351768907,0.6879320482137121,0.9999999999973033
2021-05-09,1331,1204.0894379280521,0.693500339190972,0.9999999999980679
2021-05-10,1332,1204.07650498222,0.6990354919004368,0.9999999999981188
2021-05-11,1333,1204.5259575386651,0.7020439478761469,0.9999999999987452
2021-05-12,1334,1298.0110684073231,0.1966608283752834,0.9999987326057169
2021-05-13,1335,1298.054676690011,0.20188701262289022,0.9999981887300307
2021-05-14,1336,1298.0125682084417,0.20758159448938943,0.9999979076740978
2021-05-15,1337,1298.0302462174886,0.21294947422137356,0.999996577028695
2021-05-16,1338,1232.3609922638796,0.5772623373558494,0.9999998725189425
2021-05-17,1339,1298.0293306435703,0.22388343910617298,0.9999939274859582
2021-05-18,1340,1251.5652378097873,0.48325006661318426,0.9479419689791324
2021-05-19,1341,1251.6550895726718,0.48822355424769487,0.9408103125994464
2021-05-20,1342,1236.490206314624,0.5765562496468637,0.9999999124992968
2021-05-21,1343,1298.012375156702,0.24583401553714704,0.9999604092198695
2021-05-22,1344,1298.0419496657262,0.25113688707253456,0.9999581170657322
2021-05-23,1345,1298.0035652290146,0.25681111896713327,0.9999440609023594
2021-05-24,1346,1298.0182747709928,0.2621952198306406,0.9999608956562765
2021-05-25,1347,1298.0021845411252,0.2677476254583323,0.9999594770476132
2021-05-26,1348,1298.0238254752012,0.2730938498622886,0.999931703974831
2021-05-27,1349,1298.0016156587803,0.27867969585365937,0.9998934771264074
2021-05-28,1350,1298.0319220707283,0.28397856791951726,0.9998362126547052
2021-05-29,1351,1298.0323705217772,0.2894405982416544,0.9998048310291378
2021-05-30,1352,1298.0257166644674,0.2949414389919815,0.999784472750126
2021-05-31,1353,1298.0285829385298,0.3003902571665039,0.9996715026939029
2021-06-01,1354,1298.2560402175213,0.30461180209004735,0.9994056160551885
2021-06-02,1355,1298.0230117433778,0.3113496626044931,0.9993305205671386
2021-06-03,1356,1298.0155412272543,0.31685496597128804,0.9989970120604718
2021-06-04,1357,1298.0149779655517,0.3223225247784061,0.9986875397757743
2021-06-05,1358,1298.0155180423806,0.32778405441322095,0.9981251215023613
2021-06-06,1359,1298.013034557693,0.33326210624211533,0.9973754238979776
2021-06-07,1360,1298.0073390210334,0.3387577102675769,0.9962679897848239
2021-06-08,1361,1298.0041780649099,0.3442394641261756,0.9951681146308172
2021-06-09,1362,1298.0037550827699,0.34970625637830666,0.993627970963265
2021-06-10,1363,1298.0000761712952,0.3551908405940154,0.9913878044745038
2021-06-11,1364,1297.9990649663334,0.36066084717850583,0.9893356419046402
2021-06-12,1365,1297.9965628812358,0.3661390006489845,0.9862191414333157
2021-06-13,1366,1297.9963469397699,0.3716046615313122,0.9820933008374317
2021-06-14,1367,1297.9942819630965,0.3770804264311669,0.9786407184805785
2021-06-15,1368,1297.9913487998524,0.3825609355199322,0.972801457855614
2021-06-16,1369,1297.9896884847894,0.38803448915415606,0.9650912957792649
2021-06-17,1370,1297.986398762833,0.39351694665118575,0.9559775643583621
2021-06-18,1371,1297.9803494794921,0.39901448371862225,0.9474596531733683
2021-06-19,1372,1297.985367890747,0.4044515415806172,0.9351607561928019
2021-06-20,1373,1297.9865815746575,0.4099093903024179,0.920977760754087
2021-06-21,1374,1297.9803298771703,0.4154080334580856,0.9069011058638107
2021-06-22,1375,1297.988346539389,0.42082870743503215,0.8943861130736459
2021-06-23,1376,1297.9979180207667,0.42624088513242214,0.8999890138732727
2021-06-24,1377,1297.9867524920035,0.4317663798251177,0.8827974106392974
2021-06-25,1378,1297.980250753815,0.43726638932341544,0.8673606378084168
2021-06-26,1379,1297.9915589812745,0.44266907660505755,0.8666633192050854
2021-06-27,1380,1297.9956511881246,0.44811119569330815,0.8582400282261893
2021-06-28,1381,1297.9880995207784,0.4536169425094076,0.8367299769799922
2021-06-29,1382,1297.9908583265042,0.4590663479426002,0.8164322131421666
2021-06-30,1383,1297.983717971344,0.4645698471511254,0.8009324461264536
2021-07-01,1384,1298.0274652228761,0.46979527200614146,0.7489459768389137
2021-07-02,1385,1297.9471934286603,0.4756983965646979,0.7284865375825447
2021-07-03,1386,1297.9318602397295,0.4812466653566692,0.7482352862425752
2021-07-04,1387,1297.955307452069,0.48658301938760073,0.7020538077309497
2021-07-05,1388,1242.974618206031,0.7924884251036558,0.9957416897916028
2021-07-06,1389,1242.9316511440331,0.7981876986664855,0.9969056020243161
2021-07-07,1390,1267.6626654955537,0.6685100246144606,0.9949193935017051
2021-07-08,1391,1300.347919434531,0.49536656046704414,0.9999963641034155
2021-07-09,1392,1347.9447884730216,0.24073886080316056,0.9999994833530657
2021-07-10,1393,1347.9368072653144,0.2462469548343474,0.9999997243768836
2021-07-11,1394,1300.332031718967,0.5118468212078302,0.9999990866037259
2021-07-12,1395,1300.5109827439596,0.5163334276286359,0.9999994644327447
2021-07-13,1396,1300.5212074946696,0.5217420355482534,0.999999695117821
2021-07-14,1397,1300.494413480329,0.5273529318014806,0.9999998098344376
2021-07-15,1398,1300.539154503676,0.5325729262094211,0.9999997672800062
2021-07-16,1399,1300.513432283165,0.538177965665765,0.9999998361491709
2021-07-17,1400,1300.505693729278,0.5436847337197926,0.9999998816275265
2021-07-18,1401,1300.4821199506328,0.5492780330566517,0.9999999248827615
2021-07-19,1402,1300.850904646436,0.552727297014011,0.9999997749099616
2021-07-20,1403,1300.2078079094488,0.5617059677079302,0.9999999862651995
2021-07-21,1404,1300.517154390095,0.5654800306552191,0.9999999689275919
2021-07-22,1405,1300.489049463019,0.5710980903660164,0.9999999775768235
2021-07-23,1406,1300.5110069542134,0.5764425849496537,0.9999999792349067
2021-07-24,1407,1300.502494902473,0.581953579767907,0.9999999866779624
2021-07-25,1408,1300.9974090117921,0.5847136119574201,0.9999999945309648
2021-07-26,1409,1300.5092524369643,0.5928456150985558,0.9999999901866478
2021-07-27,1410,1300.9354599558721,0.5959810931373106,0.9999999979518316
2021-07-28,1411,1300.0569634262736,0.6062461014957728,0.9999999988569969
2021-07-29,1412,1300.006662571821,0.6119854504272081,0.9999999993611741
2021-07-30,1413,1300.521889916115,0.6146344813327048,0.9999999985644923
2021-07-31,1414,1300.019035364816,0.622846801285158,0.9999999997012639
2021-08-01,1415,1300.0053904909455,0.6283858443117732,0.999999999850356
2021-08-02,1416,1300.961136036214,0.6286276719332572,0.9999999999226358
2021-08-03,1417,1300.985440837955,0.6339593396833065,0.999999999954191
2021-08-04,1418,1300.9939505720342,0.6393773192785014,0.9999999999713929
2021-08-05,1419,1300.0168909655345,0.6501809236856041,0.9999999999860059
2021-08-06,1420,1300.3539525110775,0.6538035381908333,0.9999999999617506
2021-08-07,1421,1300.4792535954352,0.6585833136861462,0.9999999999860455
2021-08-08,1422,1300.9959761301438,0.6612241741522195,0.9999999999941382
2021-08-09,1423,1300.5627972874533,0.6690557525275773,0.9999999999906461
2021-08-10,1424,1300.0384907363944,0.6773852965224353,0.9999999999883648
2021-08-11,1425,1300.0153198160247,0.6829763944479527,0.9999999999970742
2021-08-12,1426,1300.0476385322504,0.6882642703155716,0.9999999281014303
2021-08-13,1427,1300.0142864331242,0.6939110030976819,0.9999999565448202
2021-08-14,1428,1300.016462228886,0.6993635943776723,0.9999999561375801
2021-08-15,1429,1300.0103446866253,0.7048615044446703,0.9999999450352018
2021-08-16,1430,1300.0339872777874,0.7101967908317626,0.9999999693901909
2021-08-17,1431,1300.1008820601246,0.7152957264474066,0.9999999680076845
2021-08-18,1432,1300.0150601555895,0.7212291794776531,0.9999999816464453
2021-08-19,1433,1300.082571602679,0.7263247453405515,0.999999985497207
2021-08-20,1434,1347.90317775454,0.47047443849978193,0.9999999999976992
2021-08-21,1435,1347.9144046663864,0.475877570129036,0.9999999999976753
2021-08-22,1436,1347.803160580547,0.4819499421828033,0.9999999999991761
2021-08-23,1437,1347.9099041966508,0.4868311246084655,0.9999999999996103
2021-08-24,1438,1347.8822157239256,0.4924469086124285,0.9999999999997997
2021-08-25,1439,1347.874495252566,0.49795357785483046,0.999999999999897
2021-08-26,1440,1347.964711354754,0.5029250745641861,0.9999999999998845
2021-08-27,1441,1347.9117196057105,0.5086791278376478,0.9999999999998834
2021-08-28,1442,1347.945450787839,0.513959285312355,0.9999999999999103
2021-08-29,1443,1347.8888063083298,0.5197332988615859,0.9999999999999619
2021-08-30,1444,1347.8660344329355,0.5253222162134671,0.9999999999999788
2021-08-31,1445,1347.8562195831746,0.5308403301465868,0.9999999999999898
2021-09-01,1446,1347.9106598480466,0.5360073232347179,0.9999999999999922
2021-09-02,1447,1347.8624558904828,0.5417352137132088,0.9999999999999972
2021-09-03,1448,1347.8795380207675,0.5471063496132921,0.9999999999999987
2021-09-04,1449,1347.9093673913153,0.5524078284627579,0.999999999999999
2021-09-05,1450,1347.8495411043364,0.5581992289380526,0.9999999999999996
2021-09-06,1451,1347.8555909498177,0.5636306505474441,0.9999999999999998
2021-09-07,1452,1347.8144193288438,0.5693201129571379,0.9999999999999999
2021-09-08,1453,1347.8770311062124,0.5744424529715171,0.9999999999999994
2021-09-09,1454,1347.8221154372968,0.5802070194683234,0.9999999999999999
2021-09-10,1455,1347.8632461614452,0.5854467422871846,0.9999999999999999
2021-09-11,1456,1347.9276022633137,0.5905595504736956,0.9999999999999999
2021-09-12,1457,1347.815482339456,0.5966367085275633,1.0
2021-09-13,1458,1347.8916682817921,0.6016848727770922,1.0
2021-09-14,1459,1347.8614145492786,0.6073146745941059,1.0
2021-09-15,1460,1347.8947877218864,0.6125967884049925,1.0
2021-09-16,1461,1347.903951911385,0.6180111917410651,1.0
2021-09-17,1462,1347.8237650349888,0.6239138522678207,1.0
2021-09-18,1463,1347.875256613689,0.6290969583951416,1.0
2021-09-19,1464,1347.6807246707267,0.6356244553512201,1.0
2021-09-20,1465,1347.8450202690913,0.6401911460705395,1.0
2021-09-21,1466,1347.896525157413,0.6453741794676888,1.0
2021-09-22,1467,1347.801385878431,0.6513585471123995,1.0
2021-09-23,1468,1381.0161062483926,0.47532182377927545,1.0
2021-09-24,1469,1381.0102247786726,0.48081844383239,1.0
2021-09-25,1470,1381.001714091617,0.48632943119334954,1.0
2021-09-26,1471,1380.9957833548833,0.4918263204651185,1.0
2021-09-27,1472,1380.9840134985916,0.497355117494035,1.0
2021-09-28,1473,1380.9813992769027,0.502833883732772,1.0
2021-09-29,1474,1380.9705304104864,0.5083577573197465,1.0
2021-09-30,1475,1380.9662134262496,0.51384582827186,1.0
2021-10-01,1476,1380.964221231404,0.5193211954568084,1.0
2021-10-02,1477,1380.956103753847,0.5248300341319839,1.0
2021-10-03,1478,1380.9415455129526,0.5303740682352315,1.0
2021-10-04,1479,1380.9334823115441,0.535882610319431,1.0
2021-10-05,1480,1380.8533150074054,0.5417851638939596,1.0
2021-10-06,1481,1380.8768995622502,0.547120767419398,1.0
2021-10-07,1482,1380.8798973461255,0.5525688669610628,1.0
2021-10-08,1483,1381.179163385536,0.5563980142866888,0.9999999976021213
2021-10-09,1484,1382.4936710112272,0.5546793933812721,0.999999953455891
2021-10-10,1485,1382.466266627278,0.5602936249875522,0.9999999708547549
2021-10-11,1486,1382.4538661760503,0.5658258678904357,0.9999999835853794
2021-10-12,1487,1347.7021518683669,0.761190426948815,0.9999999901580122
2021-10-13,1488,1347.9608411801544,0.7652413050264788,0.9999999951118177
2021-10-14,1489,1347.9864768751088,0.7705657001360176,0.9999999973201859
2021-10-15,1490,1382.2798638447264,0.5886346237993094,0.9999999963506149
2021-10-16,1491,1347.987452825182,0.7814893288241427,0.9999999992324036
2021-10-17,1492,1382.4053161093173,0.5988780540474467,0.9999999972682475
2021-10-18,1493,1382.3587129776633,0.6045971968433697,0.9999999985135273
2021-10-19,1494,1347.6842228030034,0.7995397661038064,0.9999999996646559
2021-10-20,1495,1347.7154562206927,0.804833572564521,0.9999999997083319
2021-10-21,1496,1347.6767323518588,0.8105096592794598,0.9999999998293241
2021-10-22,1497,1382.2333637761624,0.6271400886548504,0.999999999775615
2021-10-23,1498,1431.9946264049024,0.36068510161255507,0.9999938055799449
2021-10-24,1499,1431.9935169672885,0.3661556449874943,0.9999938010825333
2021-10-25,1500,1406.9872799522832,0.5082662297689443,0.9999999179065505
2021-10-26,1501,1406.976238944697,0.5137910440180498,0.9999999466800183
2021-10-27,1502,1406.9254632185362,0.5195329878768516,0.9999999628396781
2021-10-28,1503,1382.3586408367964,0.6592423997989265,0.999999999889907
2021-10-29,1504,1406.9700871706398,0.5302181028926788,0.9999999107384623
2021-10-30,1505,1406.9781475754198,0.5356385378392359,0.9999999500852153
2021-10-31,1506,1382.292809111304,0.6759955786267541,0.9999999999779042
2021-11-01,1507,1382.3618334489893,0.6810828773279275,0.9999999999682991
2021-11-02,1508,1382.390420953668,0.6863911423296836,0.9999999999442781
2021-11-03,1509,1382.4399287430704,0.691585088835681,0.9999999999436447
2021-11-04,1510,1382.3925655080293,0.6973083852020258,0.9999999999710307
2021-11-05,1511,1382.3783590087498,0.7028504972199462,0.9999999999758756
2021-11-06,1512,1382.3880851076829,0.708261830012662,0.9999999999838672
2021-11-07,1513,1382.378501159673,0.7137786821875788,0.9999999999911071
2021-11-08,1514,1382.3413655505456,0.7194460898877292,0.9999999999958633
2021-11-09,1515,1382.4382612053753,0.7243810863094247,0.9999999999937875
2021-11-10,1516,1431.635094841018,0.46101041070482013,0.9999998848471026
2021-11-11,1517,1431.9962008539837,0.4645016346776845,0.9999999408242966
2021-11-12,1518,1347.6325526736243,0.9309696575211786,0.999999999999939
2021-11-13,1519,1382.2430089763884,0.747305961877659,0.9999999999996063
2021-11-14,1520,1382.2023175489617,0.7529928002788979,0.9999999999997775
2021-11-15,1521,1431.802559879089,0.48741770557874914,0.9999999931583969
2021-11-16,1522,1431.9910781217043,0.49185203212183454,0.9999999965396794
2021-11-17,1523,1431.985303361741,0.4973480690615246,0.9999999978295454
2021-11-18,1524,1382.0250972509862,0.7758191407049937,0.9999999999999869
2021-11-19,1525,1431.994543654663,0.5082265374062134,0.999999960566934
2021-11-20,1526,1431.991195026596,0.5137093167945576,0.9999930267127053
2021-11-21,1527,1431.992008290436,0.5191693536041753,0.9998876867964216
2021-11-22,1528,1431.990732414607,0.5246408064775573,0.9994727250180374
2021-11-23,1529,1431.9886559260667,0.5301166342837884,0.9992952957923027
2021-11-24,1530,1431.9931524954943,0.5355565437404682,0.9959207297988192
2021-11-25,1531,1431.984773656643,0.541066810619437,0.9847223029709045
2021-11-26,1532,1411.9800476334638,0.6558467342433675,0.994688883594307
2021-11-27,1533,1438.4787757106294,0.5165094223462874,0.9831934928330891
2021-11-28,1534,1438.2414521537364,0.523270753258271,0.9866814163316959
2021-11-29,1535,1438.072038434841,0.5296609921593386,0.9860464057786913
2021-11-30,1536,1438.142325068388,0.5347413930689187,0.9862115117054681
2021-12-01,1537,1431.9908225362192,0.5738206418785837,0.9890745744679688
2021-12-02,1538,1437.7797809832064,0.5476514700371237,0.9877770985677596
2021-12-03,1539,1431.9921205125274,0.5847425108605058,0.990863183688007
2021-12-04,1540,1437.5298810596278,0.5599460051386461,0.9918697336971046
2021-12-05,1541,1438.5754324304025,0.5596970905442484,0.9786800467219089
2021-12-06,1542,1431.9818972253186,0.6011918184408822,0.981744852041523
2021-12-07,1543,1431.980398733387,0.6066644877957,0.9832620133933406
2021-12-08,1544,1431.978179396528,0.6121410961938358,0.9874828265883238
2021-12-09,1545,1459.741295497482,0.465894560123049,0.9445287793019229
2021-12-10,1546,1470.975583875579,0.4099694870186934,0.7853112298339785
2021-12-11,1547,1504.1511478588588,0.23414673301170028,0.9917155418975332
2021-12-12,1548,1459.9639431652565,0.48107134882373487,0.9329184941564105
2021-12-13,1549,1438.5750973428433,0.6034147686183429,0.9824701336897776
2021-12-14,1550,1438.6834328350008,0.6082872522677554,0.9845630500207607
2021-12-15,1551,1459.9806952880906,0.49737324979185465,0.9341332759697294
2021-12-16,1552,1459.9245864883924,0.5031443361290034,0.9412231866594948
2021-12-17,1553,1459.8717297899725,0.5088976514209153,0.9468024375680635
2021-12-18,1554,1459.868097105163,0.5143819830318958,0.9420854080107535
2021-12-19,1555,1484.6378462050952,0.38449264368800423,0.96903682766367
2021-12-20,1556,1383.1684206480863,0.9444348598465228,0.9996426070340192
2021-12-21,1557,1431.973782254287,0.6832033756596337,0.9864481805184113
2021-12-22,1558,1459.7373470422467,0.5369543877472858,0.9461265682941682
2021-12-23,1559,1470.986061921954,0.4809504813007982,0.7312603796143105
2021-12-24,1560,1506.4594084379878,0.2925715385902306,0.9835187489623113
2021-12-25,1561,1506.8598902750455,0.2958475941254346,0.9804843510686696
2021-12-26,1562,1506.8376191888383,0.30143377492438095,0.9817586189504047
2021-12-27,1563,1442.2733517196004,0.6597084605486314,0.8192691283237832
2021-12-28,1564,1441.8309005381036,0.6675907074420568,0.8460100918587872
2021-12-29,1565,1460.9455793523887,0.5686033915170018,0.8080603730598557
2021-12-30,1566,1461.0643349319412,0.5734189347981357,0.8126962164629227
