Date,Settle
2014-02-18,579.167
2014-02-19,579.081
2014-02-20,579.462
2014-02-21,578.974
2014-02-24,579.419
2014-02-25,578.287
2014-02-26,578.17
2014-02-27,577.812
2014-02-28,577.813
2014-03-03,577.813
2014-03-04,577.813
2014-03-07,578.338
2014-03-11,575.99
2014-03-12,575.291
2014-03-13,574.364
2014-03-14,577.733
2014-03-17,573.393
2014-03-18,574.583
2014-03-19,573.94
2014-03-20,573.464
2014-03-21,583.428
2014-03-24,574.939
2014-03-25,574.305
2014-03-26,578.506
2014-03-27,575.227
2014-03-28,575.26
2014-03-31,574.976
2014-04-01,574.976
2014-04-02,571.725
2014-04-03,575.656
2014-04-04,576.675
2014-04-07,570.889
2014-04-08,577.159
2014-04-09,577.072
2014-04-10,576.2
2014-04-11,574.841
2014-04-14,579.864
2014-04-15,578.551
2014-04-16,576.489
2014-04-17,576.192
2014-04-21,577.161
2014-04-22,576.496
2014-04-23,576.383
2014-04-24,576.816
2014-04-25,576.011
2014-04-28,575.039
2014-04-29,575.568
2014-04-30,575.3
2014-05-01,575.3
2014-05-02,568.378
2014-05-05,566.579
2014-05-06,563.991
2014-05-07,571.302
2014-05-08,570.268
2014-05-09,567.476
2014-05-12,568.875
2014-05-13,571.615
2014-05-14,572.651
2014-05-15,572.856
2014-05-16,573.911
2014-05-19,573.653
2014-05-20,574.066
2014-05-21,575.077
2014-05-22,575.279
2014-05-23,575.628
2014-05-27,574.948
2014-05-28,574.633
2014-05-29,574.643
2014-05-30,574.513
2014-06-02,574.513
2014-06-03,576.088
2014-06-04,573.103
2014-06-05,575.516
2014-06-06,573.749
2014-06-09,576.763
2014-06-10,575.177
2014-06-11,577.149
2014-06-12,585.019
2014-06-13,582.236
2014-06-16,583.698
2014-06-17,585.295
2014-06-18,587.967
2014-06-19,589.597
2014-06-20,589.518
2014-06-23,588.999
2014-06-24,588.852
2014-06-25,588.079
2014-06-26,587.295
2014-06-27,587.254
2014-06-30,587.167
2014-07-01,587.167
2014-07-02,582.016
2014-07-03,581.409
2014-07-07,576.043
2014-07-08,571.171
2014-07-09,570.625
2014-07-10,575.487
2014-07-11,569.489
2014-07-14,572.105
2014-07-15,569.652
2014-07-16,572.231
2014-07-17,572.871
2014-07-18,570.477
2014-07-21,572.447
2014-07-22,571.419
2014-07-23,573.012
2014-07-24,571.943
2014-07-25,573.362
2014-07-28,572.347
2014-07-29,572.287
2014-07-30,572.025
2014-07-31,572.12
2014-08-01,572.12
2014-08-04,566.819
2014-08-05,562.053
2014-08-06,561.575
2014-08-07,566.612
2014-08-08,564.453
2014-08-11,563.268
2014-08-12,559.684
2014-08-13,564.704
2014-08-14,557.12
2014-08-15,561.302
2014-08-18,559.145
2014-08-19,559.491
2014-08-20,561.195
2014-08-21,561.097
2014-08-22,559.613
2014-08-25,560.825
2014-08-26,560.305
2014-08-27,561.549
2014-08-28,561.694
2014-08-29,561.7
2014-09-02,561.7
2014-09-03,559.475
2014-09-04,554.634
2014-09-05,552.526
2014-09-08,551.913
2014-09-09,547.397
2014-09-10,547.659
2014-09-11,548.519
2014-09-12,543.287
2014-09-15,541.989
2014-09-16,543.698
2014-09-17,543.419
2014-09-18,542.264
2014-09-19,543.2
2014-09-22,541.943
2014-09-23,541.947
2014-09-24,542.205
2014-09-25,542.817
2014-09-26,542.806
2014-09-29,542.779
2014-09-30,542.693
2014-10-01,542.693
2014-10-02,527.212
2014-10-03,517.207
2014-10-06,517.29
2014-10-07,512.546
2014-10-08,502.396
2014-10-09,494.401
2014-10-10,494.63
2014-10-13,489.835
2014-10-14,473.31
2014-10-15,470.696
2014-10-16,469.261
2014-10-17,474.89
2014-10-20,471.763
2014-10-21,473.345
2014-10-22,470.719
2014-10-23,473.937
2014-10-24,472.706
2014-10-27,472.176
2014-10-28,472.438
2014-10-29,473.188
2014-10-30,473.002
2014-10-31,472.891
2014-11-03,472.891
2014-11-04,432.626
2014-11-05,431.576
2014-11-06,432.35
2014-11-07,434.394
2014-11-10,431.106
2014-11-11,431.983
2014-11-12,429.271
2014-11-13,415.85
2014-11-14,420.161
2014-11-17,418.938
2014-11-18,415.696
2014-11-19,414.275
2014-11-20,416.444
2014-11-21,418.885
2014-11-24,418.284
2014-11-25,416.829
2014-11-26,416.679
2014-11-28,413.663
2014-12-01,413.663
2014-12-02,356.882
2014-12-03,353.528
2014-12-04,353.545
2014-12-05,350.927
2014-12-08,339.442
2014-12-09,343.261
2014-12-10,332.48
2014-12-11,328.92
2014-12-12,322.882
2014-12-15,319.125
2014-12-16,313.975
2014-12-17,315.91
2014-12-18,311.959
2014-12-19,316.136
2014-12-22,313.774
2014-12-23,315.744
2014-12-24,314.013
2014-12-26,313.16
2015-01-02,266.287
2015-01-05,250.938
2015-01-06,240.354
2015-01-07,242.119
2015-01-08,244.917
2015-01-09,244.957
2015-01-12,236.023
2015-01-13,236.271
2015-01-14,245.112
2015-01-15,236.945
2015-01-16,240.746
2015-01-20,235.47
2015-01-21,237.199
2015-01-22,237.174
2015-01-23,238.278
2015-01-26,237.336
2015-01-27,238.465
2015-01-29,238.057
2015-01-30,238.071
2015-02-02,238.071
2015-02-03,292.425
2015-02-04,273.784
2015-02-05,287.729
2015-02-06,293.734
2015-02-09,296.993
2015-02-10,289.975
2015-02-11,288.769
2015-02-12,299.777
2015-02-13,305.035
2015-02-17,309.113
2015-02-18,302.624
2015-02-19,301.761
2015-02-20,301.835
2015-02-23,299.747
2015-02-24,299.507
2015-02-25,301.605
2015-02-26,300.715
2015-02-27,301.088
2015-03-02,301.088
2015-03-03,309.35
2015-03-04,308.126
2015-03-05,305.047
2015-03-06,302.515
2015-03-09,296.876
2015-03-10,290.272
2015-03-11,297.547
2015-03-12,295.201
2015-03-13,287.537
2015-03-16,285.665
2015-03-17,284.014
2015-03-18,290.509
2015-03-19,287.854
2015-03-20,288.316
2015-03-23,289.078
2015-03-24,288.424
2015-03-25,290.379
2015-03-26,293.054
2015-03-27,290.86
2015-03-30,290.738
2015-03-31,290.227
2015-04-01,290.227
2015-04-02,290.227
2015-04-06,301.122
2015-04-07,301.322
2015-04-08,283.873
2015-04-09,290.665
2015-04-10,295.489
2015-04-13,296.228
2015-04-14,299.963
2015-04-15,310.615
2015-04-16,311.43
2015-04-17,308.583
2015-04-20,308.795
2015-04-21,306.242
2015-04-22,308.32
2015-04-23,311.841
2015-04-24,312.144
2015-04-27,311.862
2015-04-28,311.729
2015-04-29,312.545
2015-04-30,312.738
2015-05-01,312.738
2015-05-04,340.304
2015-05-05,349.266
2015-05-06,351.914
2015-05-07,341.519
2015-05-08,343.266
2015-05-11,342.932
2015-05-12,349.221
2015-05-13,348.509
2015-05-14,345.023
2015-05-15,343.5
2015-05-18,340.904
2015-05-19,335.148
2015-05-20,336.975
2015-05-21,339.575
2015-05-22,338.476
2015-05-26,336.528
2015-05-27,335.218
2015-05-28,335.71
2015-05-29,336.474
2015-06-01,336.474
2015-06-02,338.283
2015-06-03,325.487
2015-06-04,317.03
2015-06-05,323.469
2015-06-08,317.82
2015-06-09,327.275
2015-06-10,331.074
2015-06-11,328.301
2015-06-12,323.858
2015-06-15,322.415
2015-06-16,322.721
2015-06-17,323.586
2015-06-18,324.141
2015-06-19,322.219
2015-06-22,322.665
2015-06-23,323.524
2015-06-24,322.443
2015-06-25,321.951
2015-06-26,322.153
2015-06-30,322.068
2015-07-01,322.068
2015-07-02,315.479
2015-07-06,286.265
2015-07-07,290.109
2015-07-08,290.251
2015-07-09,296.505
2015-07-10,297.485
2015-07-14,296.486
2015-07-15,291.133
2015-07-16,290.187
2015-07-17,290.78
2015-07-20,290.115
2015-07-21,290.607
2015-07-22,288.624
2015-07-23,287.242
2015-07-24,286.608
2015-07-27,284.973
2015-07-28,282.993
2015-07-29,285.172
2015-07-30,285.444
2015-07-31,285.359
2015-08-03,285.359
2015-08-04,248.881
2015-08-05,246.68
2015-08-06,248.061
2015-08-07,243.546
2015-08-10,250.171
2015-08-11,244.417
2015-08-12,245.32
2015-08-13,241.935
2015-08-14,239.546
2015-08-17,236.589
2015-08-18,235.383
2015-08-19,232.137
2015-08-20,230.299
2015-08-21,227.712
2015-08-24,221.914
2015-08-25,222.663
2015-08-26,222.244
2015-08-27,224.685
2015-08-28,225.563
2015-08-31,225.563
2015-09-01,237.255
2015-09-02,242.431
2015-09-03,242.159
2015-09-04,236.073
2015-09-08,228.016
2015-09-09,221.808
2015-09-10,226.367
2015-09-11,223.312
2015-09-14,216.093
2015-09-15,218.148
2015-09-16,223.19
2015-09-17,220.644
2015-09-18,216.004
2015-09-21,218.16
2015-09-22,218.205
2015-09-23,216.039
2015-09-24,216.796
2015-09-25,217.423
2015-09-28,216.355
2015-09-29,216.748
2015-09-30,216.807
2015-10-01,216.807
2015-10-02,213.348
2015-10-05,218.59
2015-10-06,230.174
2015-10-07,225.903
2015-10-08,231.824
2015-10-09,229.437
2015-10-12,219.541
2015-10-13,219.425
2015-10-14,220.606
2015-10-15,220.278
2015-10-16,220.641
2015-10-19,215.842
2015-10-20,217.019
2015-10-21,215.335
2015-10-22,216.177
2015-10-23,216.027
2015-10-26,215.636
2015-10-27,215.287
2015-10-28,217.072
2015-10-29,216.847
2015-10-30,216.92
2015-11-02,216.92
2015-11-03,222.749
2015-11-04,213.66
2015-11-05,210.839
2015-11-06,209.008
2015-11-09,208.11
2015-11-10,206.603
2015-11-11,199.471
2015-11-12,194.718
2015-11-13,192.375
2015-11-16,194.123
2015-11-17,191.004
2015-11-18,191.947
2015-11-19,192.093
2015-11-20,192.659
2015-11-23,192.931
2015-11-24,194.756
2015-11-25,194.586
2015-11-27,193.076
2015-11-30,193.298
2015-12-01,193.298
2015-12-02,173.273
2015-12-03,177.37
2015-12-04,171.262
2015-12-07,158.127
2015-12-08,155.972
2015-12-09,156.714
2015-12-10,156.341
2015-12-11,150.718
2015-12-14,149.661
2015-12-15,150.161
2015-12-16,146.779
2015-12-17,145.973
2015-12-18,145.025
2015-12-21,143.628
2015-12-22,142.912
2015-12-23,144.346
2015-12-24,144.241
2015-12-28,143.249
2015-12-29,144.002
2015-12-30,143.484
2015-12-31,138.916
2016-01-04,135.055
2016-01-05,130.564
2016-01-06,120.986
2016-01-07,122.077
2016-01-08,122.012
2016-01-11,113.263
2016-01-12,111.805
2016-01-13,110.023
2016-01-14,113.65
2016-01-15,108.15
2016-01-19,107.74
2016-01-20,109.071
2016-01-21,113.108
2016-01-22,118.645
2016-01-25,116.037
2016-01-26,116.702
2016-01-27,117.928
2016-01-28,118.55
2016-01-29,118.388
2016-02-01,118.388
2016-02-02,132.393
2016-02-03,145.94
2016-02-04,141.512
2016-02-05,139.529
2016-02-08,134.537
2016-02-09,124.153
2016-02-10,130.884
2016-02-11,128.631
2016-02-12,138.519
2016-02-16,132.831
2016-02-17,137.708
2016-02-18,0.0
2016-02-19,133.983
2016-02-22,136.171
2016-02-23,134.034
2016-02-24,135.131
2016-02-25,135.091
2016-02-26,134.605
2016-02-29,134.81
2016-03-01,141.847
2016-03-04,146.058
2016-03-07,155.997
2016-03-08,152.143
2016-03-09,158.256
2016-03-10,156.061
2016-03-11,157.369
2016-03-14,153.754
2016-03-15,149.297
2016-03-16,152.253
2016-03-17,153.259
2016-03-18,152.032
2016-03-21,153.267
2016-03-22,154.261
2016-03-23,152.323
2016-03-24,152.46
2016-03-28,152.503
2016-03-29,151.503
2016-03-30,151.66
2016-03-31,151.845
2016-04-01,151.845
2016-04-04,151.845
2016-04-05,138.931
2016-04-06,148.598
2016-04-07,146.881
2016-04-08,157.405
2016-04-11,160.937
2016-04-12,165.343
2016-04-13,164.278
2016-04-14,163.078
2016-04-15,161.351
2016-04-18,160.379
2016-04-19,163.396
2016-04-20,167.267
2016-04-21,165.512
2016-04-22,166.716
2016-04-25,166.195
2016-04-26,167.656
2016-04-27,168.598
2016-04-28,168.85
2016-04-29,168.786
2016-05-02,168.786
2016-05-03,168.786
2016-05-04,189.637
2016-05-05,191.109
2016-05-06,193.795
2016-05-09,186.131
2016-05-10,194.942
2016-05-11,202.717
2016-05-12,204.334
2016-05-13,203.407
2016-05-16,206.649
2016-05-17,206.493
2016-05-18,205.568
2016-05-19,204.825
2016-05-20,205.0
2016-05-23,204.677
2016-05-24,204.951
2016-05-25,205.325
2016-05-26,205.209
2016-05-27,205.25
2016-05-31,205.613
2016-06-01,205.613
2016-06-02,205.613
2016-06-03,218.822
2016-06-06,223.07
2016-06-07,226.853
2016-06-08,231.285
2016-06-09,229.228
2016-06-10,224.287
2016-06-13,223.319
2016-06-14,220.756
2016-06-15,218.936
2016-06-16,214.64
2016-06-17,220.141
2016-06-20,223.473
2016-06-21,223.943
2016-06-22,223.612
2016-06-23,224.924
2016-06-24,222.143
2016-06-27,221.362
2016-06-28,222.918
2016-06-29,224.076
2016-06-30,223.977
2016-07-01,223.977
2016-07-05,223.977
2016-07-06,232.144
2016-07-07,224.427
2016-07-08,226.738
2016-07-11,225.365
2016-07-12,231.924
2016-07-13,226.167
2016-07-14,229.774
2016-07-15,229.123
2016-07-18,227.448
2016-07-19,226.463
2016-07-20,226.872
2016-07-21,225.0
2016-07-22,224.742
2016-07-25,223.615
2016-07-26,223.756
2016-07-27,223.085
2016-07-28,223.172
2016-07-29,223.369
2016-08-01,223.369
2016-08-02,223.369
2016-08-03,202.194
2016-08-04,207.641
2016-08-05,205.884
2016-08-08,208.832
2016-08-09,207.739
2016-08-10,206.315
2016-08-11,213.275
2016-08-12,216.312
2016-08-15,220.107
2016-08-16,223.447
2016-08-17,225.376
2016-08-18,228.168
2016-08-19,228.003
2016-08-22,225.202
2016-08-23,225.793
2016-08-24,224.438
2016-08-25,225.289
2016-08-26,225.681
2016-08-29,225.392
2016-08-30,225.221
2016-08-31,224.966
2016-09-01,224.966
2016-09-02,224.966
2016-09-06,233.883
2016-09-07,236.609
2016-09-08,245.527
2016-09-09,237.75
2016-09-12,238.996
2016-09-13,236.272
2016-09-14,233.773
2016-09-15,236.063
2016-09-16,234.436
2016-09-19,235.276
2016-09-20,236.037
2016-09-21,237.457
2016-09-22,239.302
2016-09-23,237.129
2016-09-26,239.195
2016-09-27,237.166
2016-09-28,238.329
2016-09-29,238.418
2016-09-30,238.352
2016-10-03,238.352
2016-10-04,238.352
2016-10-05,255.16
2016-10-06,260.688
2016-10-07,260.514
2016-10-10,264.458
2016-10-11,259.729
2016-10-12,257.602
2016-10-13,258.681
2016-10-14,259.189
2016-10-17,257.94
2016-10-18,259.254
2016-10-19,262.24
2016-10-20,260.517
2016-10-21,261.555
2016-10-24,261.756
2016-10-25,261.31
2016-10-26,260.226
2016-10-27,260.524
2016-10-28,260.297
2016-10-31,259.857
2016-11-01,259.857
2016-11-02,259.857
2016-11-03,237.617
2016-11-04,237.43
2016-11-07,243.839
2016-11-08,242.518
2016-11-09,242.511
2016-11-10,239.225
2016-11-11,235.194
2016-11-14,233.109
2016-11-15,239.418
2016-11-16,239.034
2016-11-17,238.908
2016-11-18,239.693
2016-11-21,244.368
2016-11-22,244.857
2016-11-23,245.148
2016-11-25,243.735
2016-11-28,244.802
2016-11-29,243.826
2016-11-30,244.614
2016-12-01,244.614
2016-12-02,244.614
2016-12-05,286.027
2016-12-06,286.085
2016-12-07,281.319
2016-12-08,285.605
2016-12-09,286.17
2016-12-12,290.373
2016-12-13,290.659
2016-12-14,287.863
2016-12-15,289.316
2016-12-16,292.612
2016-12-19,291.17
2016-12-20,290.96
2016-12-21,290.9
2016-12-22,291.505
2016-12-23,291.21
2016-12-27,292.046
2016-12-29,292.05
2016-12-30,291.913
2017-01-05,311.298
2017-01-06,310.5
2017-01-09,299.869
2017-01-10,293.546
2017-01-11,300.474
2017-01-12,305.558
2017-01-13,304.891
2017-01-17,303.302
2017-01-18,297.767
2017-01-19,297.245
2017-01-20,300.657
2017-01-23,299.71
2017-01-24,298.952
2017-01-25,298.852
2017-01-26,299.715
2017-01-27,298.774
2017-01-30,298.35
2017-01-31,298.476
2017-02-01,298.476
2017-02-02,298.476
2017-02-03,300.682
2017-02-06,295.688
2017-02-07,291.904
2017-02-08,294.377
2017-02-09,295.573
2017-02-10,300.015
2017-02-13,295.974
2017-02-14,298.268
2017-02-15,299.111
2017-02-16,298.093
2017-02-17,297.514
2017-02-21,298.038
2017-02-22,296.693
2017-02-23,297.601
2017-02-24,297.69
2017-02-27,297.861
2017-02-28,297.65
2017-03-01,297.65
2017-03-02,297.65
2017-03-03,296.891
2017-03-06,297.125
2017-03-07,295.518
2017-03-08,284.908
2017-03-09,280.503
2017-03-10,278.035
2017-03-13,276.697
2017-03-14,273.607
2017-03-15,277.069
2017-03-16,277.143
2017-03-17,277.122
2017-03-20,276.259
2017-03-21,274.951
2017-03-22,274.426
2017-03-23,274.048
2017-03-24,274.511
2017-03-27,274.452
2017-03-28,275.077
2017-03-29,275.83
2017-03-30,276.178
2017-03-31,276.076
2017-04-03,276.076
2017-04-04,276.076
2017-04-05,288.793
2017-04-06,292.338
2017-04-07,293.783
2017-04-10,296.409
2017-04-11,296.87
2017-04-12,295.645
2017-04-13,295.572
2017-04-17,293.911
2017-04-18,293.156
2017-04-19,288.609
2017-04-20,288.195
2017-04-21,286.146
2017-04-24,285.792
2017-04-25,286.322
2017-04-26,286.294
2017-04-27,285.722
2017-04-28,285.778
2017-05-01,285.778
2017-05-02,285.778
2017-05-03,268.843
2017-05-04,258.669
2017-05-05,263.166
2017-05-08,264.988
2017-05-09,261.298
2017-05-10,267.614
2017-05-11,270.979
2017-05-12,271.159
2017-05-15,274.821
2017-05-16,275.205
2017-05-17,276.981
2017-05-18,277.54
2017-05-19,279.373
2017-05-22,279.113
2017-05-23,279.863
2017-05-24,280.512
2017-05-25,278.369
2017-05-26,278.783
2017-05-30,278.638
2017-05-31,278.202
2017-06-01,278.202
2017-06-02,278.202
2017-06-05,276.352
2017-06-06,277.81
2017-06-07,270.998
2017-06-08,273.913
2017-06-09,273.624
2017-06-12,273.564
2017-06-13,275.553
2017-06-14,270.605
2017-06-15,269.997
2017-06-16,270.614
2017-06-19,270.273
2017-06-20,268.804
2017-06-21,267.916
2017-06-22,269.08
2017-06-23,270.182
2017-06-26,270.384
2017-06-27,271.158
2017-06-28,271.65
2017-06-29,271.811
2017-06-30,271.989
2017-07-03,271.989
2017-07-05,271.989
2017-07-06,276.039
2017-07-07,271.185
2017-07-10,271.502
2017-07-11,272.806
2017-07-12,274.012
2017-07-13,277.695
2017-07-14,279.167
2017-07-17,276.91
2017-07-18,277.983
2017-07-19,280.876
2017-07-20,279.764
2017-07-21,277.681
2017-07-24,278.71
2017-07-25,281.107
2017-07-26,281.839
2017-07-27,282.055
2017-07-28,282.257
2017-07-31,282.262
2017-08-01,282.262
2017-08-02,282.262
2017-08-03,295.095
2017-08-04,298.209
2017-08-07,298.336
2017-08-08,296.172
2017-08-09,298.331
2017-08-10,294.555
2017-08-11,295.279
2017-08-14,290.879
2017-08-15,291.024
2017-08-16,289.153
2017-08-17,290.388
2017-08-18,293.955
2017-08-21,291.21
2017-08-22,291.769
2017-08-23,292.489
2017-08-24,291.648
2017-08-25,292.033
2017-08-28,291.631
2017-08-29,291.932
2017-08-30,291.853
2017-08-31,292.352
2017-09-01,292.352
2017-09-05,292.352
2017-09-06,308.289
2017-09-07,309.224
2017-09-08,305.385
2017-09-11,305.045
2017-09-12,307.345
2017-09-13,311.941
2017-09-14,313.325
2017-09-15,313.118
2017-09-18,312.269
2017-09-19,311.183
2017-09-20,312.65
2017-09-21,312.231
2017-09-22,312.393
2017-09-25,313.821
2017-09-26,312.869
2017-09-27,312.745
2017-09-28,312.933
2017-09-29,312.81
2017-10-02,312.81
2017-10-03,312.81
2017-10-04,306.017
2017-10-05,311.303
2017-10-06,305.377
2017-10-09,305.908
2017-10-10,310.345
2017-10-11,313.744
2017-10-12,312.039
2017-10-13,314.542
2017-10-16,316.54
2017-10-17,315.696
2017-10-18,315.458
2017-10-19,314.165
2017-10-20,315.324
2017-10-23,314.886
2017-10-24,316.136
2017-10-25,315.902
2017-10-26,316.009
2017-10-27,317.023
2017-10-30,317.267
2017-10-31,317.432
2017-11-01,317.432
2017-11-02,317.432
2017-11-03,347.748
2017-11-06,357.015
2017-11-07,352.883
2017-11-08,352.51
2017-11-09,354.243
2017-11-10,354.441
2017-11-13,351.575
2017-11-14,347.014
2017-11-15,346.56
2017-11-16,345.534
2017-11-17,348.506
2017-11-20,347.272
2017-11-21,346.898
2017-11-22,347.53
2017-11-24,347.334
2017-11-27,347.089
2017-11-28,346.589
2017-11-29,346.364
2017-11-30,346.375
2017-12-01,346.375
2017-12-04,346.375
2017-12-05,341.174
2017-12-06,329.983
2017-12-07,332.399
2017-12-08,336.545
2017-12-11,341.623
2017-12-12,336.245
2017-12-13,334.352
2017-12-14,338.054
2017-12-15,338.3
2017-12-18,339.994
2017-12-19,341.32
2017-12-20,342.98
2017-12-21,343.421
2017-12-22,343.526
2017-12-26,344.932
2017-12-27,344.15
2017-12-28,343.839
2017-12-29,343.763
2018-01-04,364.484
2018-01-05,362.1
2018-01-08,362.532
2018-01-09,363.267
2018-01-10,363.141
2018-01-11,363.938
2018-01-12,365.962
2018-01-16,361.659
2018-01-17,362.833
2018-01-18,365.466
2018-01-19,364.75
2018-01-22,364.106
2018-01-23,364.777
2018-01-24,365.108
2018-01-25,365.182
2018-01-26,365.269
2018-01-29,364.707
2018-01-30,364.381
2018-01-31,364.409
2018-02-01,364.409
2018-02-02,364.409
2018-02-05,361.708
2018-02-06,357.616
2018-02-07,350.725
2018-02-08,346.907
2018-02-09,339.762
2018-02-12,341.569
2018-02-13,343.444
2018-02-14,345.879
2018-02-15,346.516
2018-02-16,348.056
2018-02-20,347.769
2018-02-21,347.944
2018-02-22,348.718
2018-02-23,349.434
2018-02-26,349.195
2018-02-27,348.701
2018-02-28,348.35
2018-03-01,348.35
2018-03-02,348.35
2018-03-05,344.712
2018-03-06,346.755
2018-03-07,340.631
2018-03-08,338.076
2018-03-09,346.439
2018-03-12,345.468
2018-03-13,343.894
2018-03-14,343.781
2018-03-15,344.224
2018-03-16,346.319
2018-03-19,344.974
2018-03-20,346.672
2018-03-21,349.294
2018-03-22,348.635
2018-03-23,350.551
2018-03-26,349.391
2018-03-27,349.2
2018-03-28,348.597
2018-03-29,348.321
2018-04-02,348.321
2018-04-03,348.321
2018-04-04,354.192
2018-04-05,358.109
2018-04-06,354.545
2018-04-09,359.278
2018-04-10,364.27
2018-04-11,367.878
2018-04-12,368.351
2018-04-13,368.897
2018-04-16,366.487
2018-04-17,365.964
2018-04-18,369.429
2018-04-19,370.036
2018-04-20,369.702
2018-04-23,370.02
2018-04-24,368.936
2018-04-25,369.948
2018-04-26,370.478
2018-04-27,370.714
2018-04-30,370.788
2018-05-01,370.788
2018-05-02,370.788
2018-05-03,385.602
2018-05-04,392.173
2018-05-07,397.998
2018-05-08,395.426
2018-05-09,404.773
2018-05-10,405.726
2018-05-11,407.187
2018-05-14,410.092
2018-05-15,412.48
2018-05-16,416.668
2018-05-17,418.58
2018-05-18,417.029
2018-05-21,418.932
2018-05-22,419.61
2018-05-23,419.572
2018-05-24,417.677
2018-05-25,415.344
2018-05-29,414.619
2018-05-30,415.651
2018-05-31,415.726
2018-06-01,415.726
2018-06-04,415.726
2018-06-05,418.535
2018-06-06,415.871
2018-06-07,424.562
2018-06-08,422.358
2018-06-11,421.733
2018-06-12,416.939
2018-06-13,419.05
2018-06-14,417.073
2018-06-15,410.087
2018-06-18,413.07
2018-06-19,414.084
2018-06-20,413.869
2018-06-21,410.827
2018-06-22,414.971
2018-06-25,414.133
2018-06-26,415.543
2018-06-27,416.731
2018-06-28,416.868
2018-06-29,417.357
2018-07-02,417.357
2018-07-03,417.357
2018-07-05,434.217
2018-07-06,433.624
2018-07-09,437.019
2018-07-10,440.499
2018-07-11,421.975
2018-07-12,426.537
2018-07-13,430.293
2018-07-16,418.661
2018-07-17,418.114
2018-07-18,420.49
2018-07-19,421.838
2018-07-20,423.843
2018-07-23,424.502
2018-07-24,425.17
2018-07-25,425.932
2018-07-26,427.31
2018-07-27,427.445
2018-07-30,427.723
2018-07-31,427.466
2018-08-01,427.466
2018-08-02,427.466
2018-08-03,419.724
2018-08-06,419.91
2018-08-07,425.314
2018-08-08,415.024
2018-08-09,414.924
2018-08-10,417.143
2018-08-13,415.137
2018-08-14,413.564
2018-08-15,408.819
2018-08-16,410.708
2018-08-17,410.179
2018-08-20,411.128
2018-08-21,410.864
2018-08-22,414.639
2018-08-23,414.244
2018-08-24,414.932
2018-08-27,415.186
2018-08-28,414.993
2018-08-29,415.941
2018-08-30,416.102
2018-08-31,415.977
2018-09-04,415.977
2018-09-05,415.977
2018-09-06,413.446
2018-09-07,416.763
2018-09-10,418.906
2018-09-11,425.505
2018-09-12,427.772
2018-09-13,422.338
2018-09-14,422.641
2018-09-17,421.857
2018-09-18,424.6
2018-09-19,425.166
2018-09-20,424.965
2018-09-21,424.875
2018-09-24,427.658
2018-09-25,428.576
2018-09-26,428.296
2018-09-27,428.636
2018-09-28,429.05
2018-10-01,429.05
2018-10-02,429.05
2018-10-03,477.343
2018-10-04,471.128
2018-10-05,471.673
2018-10-08,474.514
2018-10-09,478.422
2018-10-10,469.422
2018-10-11,459.346
2018-10-15,464.454
2018-10-16,464.813
2018-10-17,462.72
2018-10-18,462.276
2018-10-19,465.083
2018-10-22,465.523
2018-10-23,460.317
2018-10-24,461.092
2018-10-25,463.693
2018-10-26,464.312
2018-10-29,463.626
2018-10-30,462.626
2018-10-31,462.783
2018-11-01,462.783
2018-11-02,462.783
2018-11-05,434.418
2018-11-06,429.965
2018-11-07,431.845
2018-11-08,423.109
2018-11-09,420.965
2018-11-12,421.429
2018-11-13,405.16
2018-11-14,408.965
2018-11-15,409.22
2018-11-16,409.407
2018-11-19,411.741
2018-11-20,401.357
2018-11-21,404.345
2018-11-23,395.932
2018-11-26,397.936
2018-11-27,397.19
2018-11-28,395.695
2018-11-29,396.017
2018-11-30,395.932
2018-12-03,395.932
2018-12-04,395.932
2018-12-05,366.027
2018-12-06,353.205
2018-12-07,359.593
2018-12-10,352.615
2018-12-11,352.305
2018-12-12,348.369
2018-12-13,352.228
2018-12-14,347.729
2018-12-17,344.173
2018-12-18,336.775
2018-12-19,339.365
2018-12-20,336.678
2018-12-21,335.938
2018-12-24,333.615
2018-12-26,336.576
2018-12-27,335.207
2018-12-28,334.779
2019-01-04,321.484
2019-01-07,325.359
2019-01-08,331.129
2019-01-09,346.6
2019-01-10,347.209
2019-01-11,342.042
2019-01-14,335.425
2019-01-15,340.734
2019-01-16,342.724
2019-01-17,341.953
2019-01-18,347.248
2019-01-22,345.994
2019-01-23,346.273
2019-01-24,345.79
2019-01-25,346.42
2019-01-28,344.293
2019-01-29,346.157
2019-01-30,346.613
2019-01-31,346.716
2019-02-01,346.716
2019-02-04,346.716
2019-02-05,377.503
2019-02-06,379.729
2019-02-07,374.863
2019-02-08,375.909
2019-02-11,375.013
2019-02-12,379.557
2019-02-13,385.088
2019-02-14,386.325
2019-02-15,390.996
2019-02-19,389.516
2019-02-20,391.025
2019-02-21,390.531
2019-02-22,389.688
2019-02-25,386.885
2019-02-26,387.883
2019-02-27,388.559
2019-02-28,388.488
2019-03-01,388.488
2019-03-04,388.488
2019-03-05,400.641
2019-03-06,400.599
2019-03-07,399.428
2019-03-08,396.498
2019-03-11,401.868
2019-03-12,402.168
2019-03-13,404.034
2019-03-14,401.676
2019-03-15,400.511
2019-03-18,400.19
2019-03-19,399.969
2019-03-20,400.983
2019-03-21,399.66
2019-03-22,397.423
2019-03-25,397.321
2019-03-26,398.293
2019-03-27,398.574
2019-03-28,398.413
2019-03-29,398.56
2019-04-01,398.56
2019-04-02,398.56
2019-04-03,409.473
2019-04-04,405.773
2019-04-05,407.939
2019-04-08,412.165
2019-04-09,407.494
2019-04-10,409.736
2019-04-11,408.528
2019-04-12,410.38
2019-04-15,407.453
2019-04-16,406.357
2019-04-17,406.986
2019-04-18,407.488
2019-04-22,410.331
2019-04-23,411.736
2019-04-24,413.6
2019-04-26,411.21
2019-04-29,411.226
2019-04-30,411.188
2019-05-01,411.188
2019-05-02,411.188
2019-05-03,398.799
2019-05-06,400.21
2019-05-07,390.87
2019-05-08,396.588
2019-05-09,396.609
2019-05-10,397.213
2019-05-13,391.832
2019-05-14,390.002
2019-05-15,393.324
2019-05-16,398.911
2019-05-17,398.264
2019-05-20,398.048
2019-05-21,397.826
2019-05-22,393.71
2019-05-23,388.5
2019-05-24,390.533
2019-05-28,391.507
2019-05-29,391.045
2019-05-30,390.36
2019-05-31,390.238
2019-06-03,390.238
2019-06-04,390.238
2019-06-05,348.553
2019-06-06,354.433
2019-06-07,360.308
2019-06-10,356.023
2019-06-11,356.339
2019-06-12,343.595
2019-06-13,345.789
2019-06-14,347.902
2019-06-17,343.568
2019-06-18,349.628
2019-06-19,348.831
2019-06-20,353.89
2019-06-21,356.612
2019-06-24,357.825
2019-06-25,357.786
2019-06-26,359.58
2019-06-27,359.76
2019-06-28,359.775
2019-07-01,359.775
2019-07-02,359.775
2019-07-03,373.862
2019-07-05,378.361
2019-07-08,378.302
2019-07-09,379.506
2019-07-10,400.946
2019-07-11,398.117
2019-07-12,391.635
2019-07-15,382.198
2019-07-16,379.273
2019-07-17,378.446
2019-07-18,375.125
2019-07-19,376.263
2019-07-22,375.009
2019-07-23,372.489
2019-07-24,371.815
2019-07-25,372.913
2019-07-26,373.443
2019-07-29,373.363
2019-07-30,373.874
2019-07-31,374.076
2019-08-01,374.076
2019-08-02,374.076
2019-08-05,322.952
2019-08-06,316.632
2019-08-07,293.567
2019-08-08,294.79
2019-08-09,296.252
2019-08-12,290.826
2019-08-13,299.531
2019-08-14,285.749
2019-08-15,283.477
2019-08-16,288.132
2019-08-19,289.786
2019-08-20,287.741
2019-08-21,290.643
2019-08-22,291.44
2019-08-23,291.521
2019-08-26,291.04
2019-08-27,292.563
2019-08-28,291.988
2019-08-29,291.662
2019-08-30,290.738
2019-09-03,290.738
2019-09-04,290.738
2019-09-05,285.116
2019-09-09,290.595
2019-09-10,276.92
2019-09-11,273.807
2019-09-12,291.994
2019-09-13,297.882
2019-09-16,338.607
2019-09-17,330.383
2019-09-18,319.505
2019-09-19,328.04
2019-09-20,326.94
2019-09-23,322.81
2019-09-24,321.474
2019-09-25,325.587
2019-09-26,329.319
2019-09-27,326.189
2019-09-30,325.143
2019-10-01,325.143
2019-10-02,325.143
2019-10-03,254.765
2019-10-04,254.93
2019-10-07,244.657
2019-10-08,243.797
2019-10-09,248.965
2019-10-10,253.859
2019-10-11,252.402
2019-10-14,240.84
2019-10-15,241.051
2019-10-16,240.598
2019-10-17,236.62
2019-10-18,230.107
2019-10-21,230.476
2019-10-22,235.946
2019-10-23,240.585
2019-10-24,241.717
2019-10-25,242.076
2019-10-28,240.272
2019-10-29,239.63
2019-10-30,239.478
2019-10-31,240.315
2019-11-01,240.315
2019-11-04,240.315
2019-11-05,223.845
2019-11-06,217.084
2019-11-07,218.719
2019-11-08,218.869
2019-11-11,212.206
2019-11-12,210.563
2019-11-13,203.769
2019-11-14,203.246
2019-11-15,210.536
2019-11-18,206.265
2019-11-19,202.971
2019-11-20,207.187
2019-11-21,210.438
2019-11-22,208.887
2019-11-25,207.257
2019-11-26,207.701
2019-11-27,207.262
2019-11-29,205.667
2019-12-02,205.667
2019-12-03,205.667
2019-12-04,203.783
2019-12-05,209.765
2019-12-06,220.3
2019-12-09,222.104
2019-12-10,234.765
2019-12-11,224.924
2019-12-12,224.43
2019-12-13,226.697
2019-12-16,227.198
2019-12-17,232.235
2019-12-18,232.664
2019-12-19,235.213
2019-12-20,235.192
2019-12-23,233.469
2019-12-24,233.287
2019-12-26,232.794
2019-12-27,233.615
2019-12-30,233.847
2020-01-06,269.576
2020-01-07,268.068
2020-01-08,268.162
2020-01-09,275.081
2020-01-10,276.937
2020-01-13,269.885
2020-01-14,265.111
2020-01-15,262.523
2020-01-16,269.675
2020-01-17,271.284
2020-01-21,271.043
2020-01-22,273.089
2020-01-23,273.58
2020-01-24,269.813
2020-01-27,267.1
2020-01-28,267.851
2020-01-29,268.939
2020-01-30,268.375
2020-01-31,268.182
2020-02-03,268.182
2020-02-04,268.182
2020-02-05,257.487
2020-02-06,256.933
2020-02-07,254.149
2020-02-11,255.761
2020-02-12,265.493
2020-02-13,267.323
2020-02-14,270.225
2020-02-18,267.56
2020-02-19,270.684
2020-02-20,271.518
2020-02-21,270.844
2020-02-24,268.393
2020-02-25,266.094
2020-02-26,265.86
2020-02-27,265.526
2020-02-28,264.975
2020-03-02,264.975
2020-03-03,264.975
2020-03-04,249.269
2020-03-05,247.714
2020-03-06,226.58
2020-03-09,174.108
2020-03-10,185.572
2020-03-11,173.98
2020-03-12,169.158
2020-03-13,169.432
2020-03-16,157.427
2020-03-17,155.352
2020-03-18,148.17
2020-03-19,157.786
2020-03-20,155.635
2020-03-23,156.395
2020-03-24,154.619
2020-03-25,153.436
2020-03-26,152.074
2020-03-27,151.548
2020-03-30,150.406
2020-03-31,150.466
2020-04-01,150.466
2020-04-02,150.466
2020-04-03,150.515
2020-04-06,149.571
2020-04-07,143.884
2020-04-08,144.079
2020-04-09,140.566
2020-04-13,145.355
2020-04-14,139.793
2020-04-15,130.948
2020-04-16,130.213
2020-04-17,128.028
2020-04-20,121.503
2020-04-21,112.725
2020-04-22,113.433
2020-04-23,113.351
2020-04-24,114.19
2020-04-27,112.98
2020-04-28,112.798
2020-04-29,113.441
2020-04-30,113.788
2020-05-01,113.788
2020-05-04,113.788
2020-05-05,137.59
2020-05-06,128.789
2020-05-07,124.286
2020-05-08,132.607
2020-05-11,125.409
2020-05-12,126.982
2020-05-13,127.144
2020-05-14,134.053
2020-05-15,136.964
2020-05-18,145.158
2020-05-19,146.87
2020-05-20,148.755
2020-05-21,149.441
2020-05-22,147.763
2020-05-26,147.58
2020-05-27,146.292
2020-05-28,146.954
2020-05-29,147.026
2020-06-01,147.026
2020-06-02,147.026
2020-06-03,212.225
2020-06-04,215.114
2020-06-05,225.118
2020-06-08,218.726
2020-06-09,221.52
2020-06-10,222.783
2020-06-11,209.807
2020-06-12,209.075
2020-06-15,211.184
2020-06-16,213.295
2020-06-17,212.953
2020-06-18,216.955
2020-06-19,219.065
2020-06-22,221.42
2020-06-23,221.409
2020-06-24,217.88
2020-06-25,218.505
2020-06-26,218.393
2020-06-29,218.734
2020-06-30,218.648
2020-07-01,218.648
2020-07-02,218.648
2020-07-06,233.304
2020-07-07,235.747
2020-07-08,239.716
2020-07-09,236.141
2020-07-10,238.859
2020-07-13,236.318
2020-07-14,236.564
2020-07-15,240.198
2020-07-16,238.338
2020-07-17,237.152
2020-07-20,236.643
2020-07-21,238.004
2020-07-22,238.049
2020-07-24,237.739
2020-07-27,238.409
2020-07-28,238.14
2020-07-29,238.833
2020-07-30,238.497
2020-07-31,238.641
2020-08-03,238.641
2020-08-04,238.641
2020-08-05,249.72
2020-08-06,247.537
2020-08-07,243.676
2020-08-10,247.099
2020-08-11,246.178
2020-08-12,250.955
2020-08-13,249.382
2020-08-14,248.025
2020-08-17,250.895
2020-08-18,251.82
2020-08-19,251.936
2020-08-20,251.655
2020-08-21,251.169
2020-08-24,252.113
2020-08-25,253.144
2020-08-26,253.175
2020-08-27,252.634
2020-08-28,252.525
2020-08-31,252.525
2020-09-01,252.525
2020-09-02,249.023
2020-09-03,246.432
2020-09-04,239.834
2020-09-08,225.188
2020-09-09,229.551
2020-09-10,228.069
2020-09-11,227.165
2020-09-14,227.31
2020-09-15,229.908
2020-09-16,234.361
2020-09-17,235.872
2020-09-18,235.677
2020-09-21,231.677
2020-09-22,231.484
2020-09-23,231.324
2020-09-24,231.455
2020-09-25,231.409
2020-09-28,231.541
2020-09-29,230.786
2020-09-30,230.875
2020-10-01,230.875
2020-10-02,230.875
2020-10-05,224.081
2020-10-06,230.503
2020-10-07,226.721
2020-10-08,232.878
2020-10-09,231.477
2020-10-12,227.959
2020-10-13,232.721
2020-10-14,236.737
2020-10-15,237.271
2020-10-16,237.534
2020-10-19,237.927
2020-10-20,239.649
2020-10-21,237.834
2020-10-22,240.298
2020-10-23,238.648
2020-10-26,236.991
2020-10-27,238.176
2020-10-28,236.811
2020-10-29,235.888
2020-10-30,235.83
2020-11-02,235.83
2020-11-03,235.83
2020-11-04,241.083
2020-11-05,239.661
2020-11-06,232.305
2020-11-09,244.161
2020-11-10,248.9
2020-11-11,250.406
2020-11-12,249.785
2020-11-13,246.993
2020-11-16,248.798
2020-11-17,248.326
2020-11-18,249.736
2020-11-19,249.783
2020-11-20,251.029
2020-11-23,252.327
2020-11-24,254.083
2020-11-25,254.668
2020-11-27,253.856
2020-11-30,253.214
2020-12-01,253.214
2020-12-02,253.214
2020-12-03,270.344
2020-12-04,272.966
2020-12-07,269.689
2020-12-08,269.097
2020-12-09,268.671
2020-12-10,271.44
2020-12-11,271.364
2020-12-14,273.152
2020-12-15,275.357
2020-12-16,277.06
2020-12-17,279.333
2020-12-18,281.314
2020-12-21,278.487
2020-12-22,276.433
2020-12-23,277.738
2020-12-24,277.856
2020-12-28,277.613
2020-12-29,277.807
2020-12-30,277.896
2021-01-06,305.716
2021-01-07,307.35
2021-01-08,315.251
2021-01-11,313.254
2021-01-12,317.079
2021-01-13,314.768
2021-01-14,315.222
2021-01-15,309.883
2021-01-19,312.29
2021-01-20,312.745
2021-01-21,312.538
2021-01-22,310.981
2021-01-25,311.37
2021-01-26,311.338
2021-01-27,311.338
2021-01-28,311.02
2021-01-29,311.063
2021-02-01,311.063
2021-02-02,311.063
2021-02-03,327.604
2021-02-04,330.615
2021-02-05,333.136
2021-02-08,337.163
2021-02-09,336.983
2021-02-10,338.157
2021-02-11,338.212
2021-02-12,342.039
2021-02-16,343.613
2021-02-17,345.113
2021-02-18,343.97
2021-02-19,342.038
2021-02-22,344.935
2021-02-23,345.123
2021-02-24,346.988
2021-02-25,347.079
2021-02-26,346.775
2021-03-01,346.775
2021-03-02,346.775
2021-03-03,357.655
2021-03-04,371.985
2021-03-05,384.134
2021-03-08,379.282
2021-03-09,375.243
2021-03-10,375.774
2021-03-11,379.599
2021-03-12,379.235
2021-03-15,378.659
2021-03-16,376.635
2021-03-17,376.109
2021-03-18,365.239
2021-03-19,368.761
2021-03-22,368.045
2021-03-23,361.896
2021-03-24,366.962
2021-03-25,363.58
2021-03-26,365.892
2021-03-29,365.909
2021-03-30,365.473
2021-03-31,365.522
2021-04-01,365.522
2021-04-05,365.522
2021-04-06,339.557
2021-04-07,340.615
2021-04-08,337.399
2021-04-09,336.554
2021-04-12,340.261
2021-04-13,344.462
2021-04-14,356.968
2021-04-15,359.238
2021-04-16,358.588
2021-04-19,358.855
2021-04-20,357.305
2021-04-21,354.921
2021-04-22,355.135
2021-04-23,355.773
2021-04-26,354.798
2021-04-27,355.651
2021-04-28,356.438
2021-04-29,357.081
2021-04-30,356.525
2021-05-03,356.525
2021-05-04,356.525
2021-05-05,377.484
2021-05-06,372.24
2021-05-07,372.713
2021-05-10,370.175
2021-05-11,371.401
2021-05-12,373.868
2021-05-13,365.194
2021-05-14,367.624
2021-05-17,367.251
2021-05-19,360.892
2021-05-20,358.342
2021-05-21,360.467
2021-05-24,363.426
2021-05-25,363.903
2021-05-26,364.605
2021-05-28,364.921
2021-06-01,364.921
2021-06-02,364.921
2021-06-03,384.812
2021-06-04,387.601
2021-06-08,383.407
2021-06-09,382.198
