Date,Settle,Volume
2018-01-16,8.35676531661629,28908617.36095354
2018-01-17,8.390617639187429,27114990.611195803
2018-01-18,9.084785858299341,23025814.262277223
2018-01-19,8.652314300642816,18282995.28234281
2018-01-20,12.957068142951382,18316522.77502713
2018-01-21,10.490789173425124,12984908.655425115
2018-01-22,9.773642744881485,21403950.109875288
2018-01-23,9.481377642818414,19192679.459420316
2018-01-24,10.24058666179697,25843060.813572925
2018-01-25,10.612969931345415,24968500.837859727
2018-01-26,11.242695168433324,28964171.054672554
2018-01-27,11.472491974379963,24438184.389221363
2018-01-28,12.755733702078142,29207228.275109608
2018-01-29,13.375549643654788,32144494.762879774
2018-01-30,13.237065555717702,32118877.746690933
2018-01-31,11.56774156035184,24060483.84763749
2018-02-01,11.255804296791153,25940972.526097193
2018-02-02,9.934309437268132,18309299.781515718
2018-02-03,9.101821131863401,12996492.032340419
2018-02-04,9.46893279781048,15767946.300652048
2018-02-05,8.193741867112013,16206308.8145539
2018-02-06,6.086313886123811,12046649.18136452
2018-02-07,8.004379065360869,17492909.621831983
2018-02-08,7.172866686438406,15378170.317673387
2018-02-09,7.763133941846968,7455286.409761004
2018-02-10,8.74025392176939,7623322.8926160205
2018-02-11,8.473531215341918,6933128.496561038
2018-02-12,8.103160144408092,5649412.838496769
2018-02-13,8.612038475826472,7377397.218726448
2018-02-14,7.9913655377961055,5852337.934043355
2018-02-15,8.8705149238546,7238173.004672761
2018-02-16,9.241171033581754,7487058.077441911
2018-02-17,9.201755962420979,6082952.996426502
2018-02-18,9.688045349111057,8326586.054358299
2018-02-19,8.85882087635818,6895449.652206611
2018-02-20,9.499167059020174,12345280.632075204
2018-02-21,9.024669663637573,7842179.037095986
2018-02-22,7.867400779026858,5892457.259418015
2018-02-23,7.892162604749108,5960797.275722735
2018-02-24,8.27913020061072,6421193.090226183
2018-02-25,7.9375090627589335,5169025.0584994955
2018-02-26,7.630760453330994,4769896.543691584
2018-02-27,8.597313074117665,7928268.169708939
2018-02-28,8.634181238863853,7478650.739346973
2018-03-01,8.16970726214176,5556436.611879094
2018-03-02,8.405398068868523,5308673.965751208
2018-03-03,8.055944406187184,5558042.547367641
2018-03-04,7.816097293826228,4944734.377416644
2018-03-05,7.891381778436734,4849065.882279777
2018-03-06,7.894080341350135,5183017.612354772
2018-03-07,7.107688725265733,6772688.3370700525
2018-03-08,6.46201271911871,5186999.35132388
2018-03-09,5.8711277246696145,5193043.0867801
2018-03-10,5.938926116729441,5935501.5566123165
2018-03-11,5.879237463153185,5749822.640752902
2018-03-12,6.234941609471355,4282993.355979116
2018-03-13,6.102198556237292,23199952.49208069
2018-03-14,6.072364355473164,11059089.024084777
2018-03-15,5.545628735420439,9278413.586558936
2018-03-16,5.152109232060812,9554362.081080317
2018-03-17,5.252905084350662,8910697.676666766
2018-03-18,4.8337870913468794,8111588.466496544
2018-03-19,4.46108954100136,10928054.03474128
2018-03-20,5.06756066588564,8818795.606964435
2018-03-21,5.408967846408841,10187064.298353575
2018-03-22,6.023916140522695,11426947.894810818
2018-03-23,6.171800511879309,11738150.104203876
2018-03-24,6.166868521629474,10197270.241328545
2018-03-25,6.540623139447233,12517721.74226328
2018-03-26,6.471306326717982,10164951.493204283
2018-03-27,6.666733606527119,16418143.286163162
2018-03-28,6.144443811443011,10513705.319621839
2018-03-29,6.436957596322073,15637454.078521192
2018-03-30,5.838824490733384,16543162.710661318
2018-03-31,5.508450635686834,11833745.532098975
2018-04-01,5.111511130324624,9013206.965469267
2018-04-02,4.713439885634493,8350545.250507634
2018-04-03,4.905127549568632,7798202.388546086
2018-04-04,4.906890146853748,8007404.6215611985
2018-04-05,4.435848739585707,7521498.674767484
2018-04-06,4.417342782859762,7778957.920791308
2018-04-07,4.192676773423763,7215993.8222380215
2018-04-08,4.397551401789607,8286152.339104984
2018-04-09,4.637119564009357,8933265.847150784
2018-04-10,4.428513727976406,7798079.708818577
2018-04-11,4.566519284920135,7988241.293717621
2018-04-12,4.795273079082293,8522250.338800104
2018-04-13,5.427757396620886,12669008.425679442
2018-04-14,5.1330927198705,11668071.310763251
2018-04-15,4.79300015513128,9763605.270701306
2018-04-16,5.148713843285722,9427497.776771402
2018-04-17,5.00956647438488,9314648.835948868
2018-04-18,4.947732942211544,8645416.591025706
2018-04-19,5.185058362665666,9522839.433135172
2018-04-20,5.650274531604472,16563227.446575584
2018-04-21,5.8430310572445965,21404671.94679133
2018-04-22,5.883245797133592,23294416.370064035
2018-04-23,6.061327953059422,19926693.21886972
2018-04-24,6.1122694684026335,24261715.462008525
2018-04-25,7.336221042567341,40484310.889263794
2018-04-26,6.2683673939520625,36574281.66677098
2018-04-27,7.010671721790455,35299072.64072601
2018-04-28,7.065256726294036,33748400.196194895
2018-04-29,8.757197850034002,48378313.183432885
2018-04-30,9.947340329911396,60957156.96666379
2018-05-01,9.088959776085078,38643749.17904151
2018-05-02,9.69040131987376,37167761.596911
2018-05-03,11.048976272454311,49599525.9347387
2018-05-04,11.082878845711381,38409814.86656145
2018-05-05,10.91674768408343,43232246.79957597
2018-05-06,10.704763412036804,44350786.9359421
2018-05-07,10.15643054110197,38187409.942151785
2018-05-08,10.034044082558191,34877698.05196276
2018-05-09,9.596168273797161,31107630.280831743
2018-05-10,9.152164955701888,37415997.77825422
2018-05-11,8.603246697837555,32307661.354217473
2018-05-12,7.792298684695024,28908204.41201335
2018-05-13,8.054076721534782,30288540.810896065
2018-05-14,8.58859457935412,26537917.097850807
2018-05-15,8.123672727332837,30941143.146215368
2018-05-16,7.63161134664228,34045849.58270288
2018-05-17,7.700539131298307,37003555.08399928
2018-05-18,7.018630039556895,33271902.6863044
2018-05-19,7.215029249927355,40065790.96357688
2018-05-20,7.278718947171205,39991917.6375024
2018-05-21,7.557434467489979,40870003.1342879
2018-05-22,7.199826036061841,37736195.91084492
2018-05-23,6.278082306877533,36505126.64761402
2018-05-24,5.915098075112463,30855002.697712924
2018-05-25,6.2773598675326,37099181.78873564
2018-05-26,6.193501238403959,37814675.07235926
2018-05-27,6.2343927606775935,39905028.58405538
2018-05-28,6.105744905295958,24044955.11668418
2018-05-29,5.80639029327979,42400292.369726546
2018-05-30,6.206442106551186,43036283.156036206
2018-05-31,6.0548532029001985,38769605.037191644
2018-06-01,6.811556688248158,45312917.69548786
2018-06-02,7.223209209033046,46713390.704165004
2018-06-03,7.410652449396361,19866659.259193074
2018-06-04,7.324014865944123,37290331.00732747
2018-06-05,7.174569402804811,42230249.30928358
2018-06-06,7.337230264838811,38570359.122549154
2018-06-07,7.212793151640133,34682308.47864275
2018-06-08,6.973575394957453,34944692.425919764
2018-06-09,6.872824588164471,36830622.176917665
2018-06-10,6.553891211715831,36362855.42618973
2018-06-11,5.647381233064629,34194266.60101307
2018-06-12,5.758748619709713,37199729.5061587
2018-06-13,5.11832464911864,36866160.48010411
2018-06-14,5.127652102095513,41835993.917363174
2018-06-15,5.575916057192839,42127510.40229084
2018-06-16,5.512104644272799,43376275.02380804
2018-06-17,5.543840235028944,40248617.042069025
2018-06-18,5.550318772129462,38710101.42743448
2018-06-19,5.499969670037979,38447150.12862879
2018-06-20,5.647263456070352,39904149.688459225
2018-06-21,5.358880684536164,33100025.486855432
2018-06-22,5.282816139863217,33446168.242534805
2018-06-23,4.6229780762717345,32319621.541494578
2018-06-24,4.5646609817314765,31457671.69575077
2018-06-25,4.47705263603388,31909664.783328842
2018-06-26,4.468284895534613,29098927.737428974
2018-06-27,4.386852661139453,28321309.758186318
2018-06-28,4.988622598351685,40225528.07272039
2018-06-29,4.705624118750041,37035334.909583166
2018-06-30,4.706103929640677,30961043.693135552
2018-07-01,4.914052244583487,31414440.39195729
2018-07-02,4.952913626920983,23173418.18796413
2018-07-03,5.145151989538023,26652153.3721351
2018-07-04,4.8540668912887925,30190520.352233008
2018-07-05,4.804670775292496,28307437.754532225
2018-07-06,4.586497021407182,26344890.78775807
2018-07-07,4.565615084975695,30036720.539715704
2018-07-08,4.673978781861208,29375615.749307144
2018-07-09,4.55721492906109,24128830.881806426
2018-07-10,4.324407376240428,27750175.730506517
2018-07-11,3.8331258763182925,28526132.370122902
2018-07-12,3.4429768334013495,23215964.597806055
2018-07-13,3.2165472121963763,27257476.203710757
2018-07-14,3.149858522426472,27641891.913215403
2018-07-15,3.028547366892645,20364282.525483724
2018-07-16,3.3330080346775235,23800074.64166607
2018-07-17,3.593050230840898,21624452.085359942
2018-07-18,3.7122929849208965,20466917.81142688
2018-07-19,3.5770341444093616,23581717.49637178
2018-07-20,3.495041827773178,22986337.09817866
2018-07-21,3.3454208152660017,17825863.075057548
2018-07-22,3.524612009702241,17743798.998014055
2018-07-23,3.5015202698125423,17472421.239023607
2018-07-24,3.321559215213686,17545084.038428005
2018-07-25,3.4064165654688,20294158.50670629
2018-07-26,3.4315201583804202,21388869.10128607
2018-07-27,3.290443953362077,22425276.315084662
2018-07-28,3.231677959683115,19219416.555489466
2018-07-29,3.2233718213553586,18173149.986981552
2018-07-30,3.0844641557899224,17687845.33494276
2018-07-31,2.8690181608141625,14110845.05944107
2018-08-01,2.6760388509510227,20496250.44581764
2018-08-02,2.5941269969770206,17758286.791772645
2018-08-03,2.3030653672112256,16925265.757068403
2018-08-04,2.158571198973173,17323892.41414914
2018-08-05,2.112348524919858,15398110.107269607
2018-08-06,2.292247009140425,16824498.782879002
2018-08-07,2.173166325503691,14259580.192002984
2018-08-08,2.030426368215548,9034600.103248473
2018-08-09,1.670359646481865,11470625.031850597
2018-08-10,1.8273416308903372,14129284.676903479
2018-08-11,1.596765756991989,14119522.511639029
2018-08-12,1.4013329671963486,13900496.872882178
2018-08-13,1.420217429397905,12744959.754045445
2018-08-14,1.1942922538648184,11217742.74630912
2018-08-15,1.1421322368140088,10983198.616513887
2018-08-16,1.1381336947536909,9435686.10018654
2018-08-17,1.307284489744158,9758769.6649256
2018-08-18,2.0048483273342996,24115599.17035884
2018-08-19,1.7552110300496497,23078931.547078103
2018-08-20,2.002824103080197,15474330.057584617
2018-08-21,1.8726002029853996,15714103.78609189
2018-08-22,1.8886927363142936,11549352.548953291
2018-08-23,1.9084734808669945,14886497.160394426
2018-08-24,1.7958683365393533,12889941.49917599
2018-08-25,1.7671690051105462,7084835.129963481
2018-08-26,1.8330411956925758,7267879.4001877
2018-08-27,1.7924033274087854,6905828.215562117
2018-08-28,1.9241586556155046,7351252.2989691645
2018-08-29,2.063711557085801,8593780.383889262
2018-08-30,1.9335896727199755,9063245.560375972
2018-08-31,1.8167023022594493,5992977.8598893285
2018-09-01,1.889443572595424,6155048.345958023
2018-09-02,2.0305069545321874,8445304.31806004
2018-09-03,2.062170402419022,8137824.706200773
2018-09-04,1.9258382098378477,5301550.946524084
2018-09-05,1.9953225023090433,4887328.7263330445
2018-09-06,1.612409573967128,6112318.688849499
2018-09-07,1.619255787769324,5179671.1038369145
2018-09-08,1.3939277865464184,6289191.719851204
2018-09-09,1.4677390699888069,6068642.7052061055
2018-09-10,1.4679111780766774,5479367.018321727
2018-09-11,1.477342341531551,6007364.718038019
2018-09-12,1.3320946331700387,3400653.149699091
2018-09-13,1.322790988069546,3352491.6711486992
2018-09-14,1.4632656674117375,3599855.876841248
2018-09-15,1.4002314056739882,3616981.835467167
2018-09-16,1.3978215953699296,3082441.9583683405
2018-09-17,1.3727248172861244,2587687.970169063
2018-09-18,1.2783709100349805,3086710.9856839217
2018-09-19,1.3179287838556266,2939686.9251694176
2018-09-20,1.3238502134110908,2828551.1161704026
2018-09-21,1.412870694960934,3556296.36304421
2018-09-22,1.5427801565027806,4883080.433069519
2018-09-23,1.448130310482822,4313336.033795889
2018-09-24,1.4584174719401772,3184579.3731464837
2018-09-25,1.3940282527142558,3079886.0860295203
2018-09-26,1.3989853240679788,3288965.9843281438
2018-09-27,1.380017211853359,3484371.32534288
2018-09-28,1.4276940012909196,3492531.2083455427
2018-09-29,1.403383222826361,4042527.0800366877
2018-09-30,1.4317005532141813,3155369.2360289684
2018-10-01,1.6926425960745706,13489355.234098623
2018-10-02,1.759095957920166,8677301.497966483
2018-10-03,1.722995422777276,4142922.931263103
2018-10-04,1.6475032541456727,3393548.4320491655
2018-10-05,1.6667053760341444,2826074.780692201
2018-10-06,1.7781366815503317,3587201.2553419736
2018-10-07,1.7128837420221084,2836785.6270360183
2018-10-08,1.7015808384619688,2978512.58085054
2018-10-09,1.7632807441582543,3772003.214482287
2018-10-10,1.9901572452784202,15233410.639816497
2018-10-11,1.963571519104805,7476046.676250575
2018-10-12,1.7328613368828376,6847631.274502665
2018-10-13,1.8713144831591517,8220517.915425175
2018-10-14,1.8673958625100993,2887442.5145114684
2018-10-15,1.91044160759106,3631442.8137400323
2018-10-16,1.784982844152968,10143958.709156655
2018-10-17,1.7179180424957126,2868318.906999431
2018-10-18,1.6493682724974033,2236340.7029286046
2018-10-19,1.6205886751107965,4493716.619164884
2018-10-20,1.622860512931758,4294815.346413804
2018-10-21,1.678365093726875,4762958.315454118
2018-10-22,1.677917540426371,4727042.3298360035
2018-10-23,1.6318935735265845,4354328.733702654
2018-10-24,1.5896525014615617,4339154.793540845
2018-10-25,1.6007850194150366,5428987.767592055
2018-10-26,1.5257495214822316,5632920.192733797
2018-10-27,1.5533642076534848,8266293.233549931
2018-10-28,1.4865405150621833,8203568.078364695
2018-10-29,1.5028350174890892,8173578.739225202
2018-10-30,1.4221980216298342,5284978.327042452
2018-10-31,1.426479287348192,7921325.184134436
2018-11-01,1.4943196970632457,6228696.773215685
2018-11-02,1.4903150752799064,7819717.815633965
2018-11-03,1.5156607686278265,7555237.898041694
2018-11-04,1.4768100692586366,5353242.551851049
2018-11-05,1.5148766217594603,8381001.555247719
2018-11-06,1.4205641472592856,5509539.936190022
2018-11-07,1.4748545794995054,7751087.509549761
2018-11-08,1.4734986666561602,8000982.941624196
2018-11-09,1.430072830382008,4887508.946468203
2018-11-10,1.4354197861199656,7214041.646483915
2018-11-11,1.4133366035885724,4464245.976984911
2018-11-12,1.3983700488430508,4479912.947280908
2018-11-13,1.4071140509097655,7784138.386409366
2018-11-14,1.3265845942565337,5458342.441648616
2018-11-15,1.1468222317517334,7157718.710163345
2018-11-16,1.1635080763509116,7805513.393004123
2018-11-17,1.1344190042222715,7668707.361064335
2018-11-18,1.1041541728915516,8157357.796148954
2018-11-19,1.0874861405080711,7824638.199470329
2018-11-20,0.8783474889370725,7618706.87390421
2018-11-21,0.7617768820806018,6512274.379546287
2018-11-22,0.8179081916766884,5889808.813458606
2018-11-23,0.7739253254780979,6025441.340011747
2018-11-24,0.7528270307325237,6207731.251700399
2018-11-25,0.7268907538104543,5673204.53570634
2018-11-26,0.7029109220658702,6595491.725013024
2018-11-27,0.680383117945882,6085099.636952163
2018-11-28,0.6770618362834778,6189891.394894274
2018-11-29,0.8105840163533564,7826532.729583823
2018-11-30,0.8021676628957332,7245730.638967594
2018-12-01,0.7782483212974457,8551321.139420597
2018-12-02,0.7719507494681247,7402977.393410832
2018-12-03,0.7663454183632672,6997374.131373211
2018-12-04,0.6947024938349898,5811086.045831771
2018-12-05,0.6997428549484743,5053258.203630438
2018-12-06,0.6462846901013747,2780534.022737829
2018-12-07,0.5891335632117048,3411067.0249418262
2018-12-08,0.594135569819159,5386424.117083464
2018-12-09,0.6117416901295333,4200962.556369759
2018-12-10,0.583921556044976,5741754.648642228
2018-12-11,0.5543144163114792,4771425.118420174
2018-12-12,0.5472556858858885,5488907.856905873
2018-12-13,0.5488137293808569,3160176.2379363556
2018-12-14,0.5292968913712317,1806440.1880069354
2018-12-15,0.49312783896288576,655791.1445877848
2018-12-16,0.4899124715196159,724035.2443068846
2018-12-17,0.49971952971299893,639299.3584271141
2018-12-18,0.5606960349383681,917353.760721341
2018-12-19,0.578030529216708,1011575.7470318914
2018-12-20,0.580021001285211,1975008.8521530593
2018-12-21,0.6245103555777893,1484628.8838325753
2018-12-22,0.6346611945314694,1773329.7578004096
2018-12-23,0.6378805604235739,1355654.442332021
2018-12-24,0.6647142890958414,1387376.2329607732
2018-12-25,0.6833856812370581,1727708.4182081998
2018-12-26,0.5990634169502953,1452686.014787086
2018-12-27,0.6022360144632147,1112578.270589634
2018-12-28,0.5621589778256175,974155.0946280275
2018-12-29,0.6123249130011511,1388334.685865453
2018-12-30,0.6064606633100815,2430983.938300877
2018-12-31,0.6124192868113691,1432390.3186452282
2019-01-01,0.5748188704088805,1004379.4571010564
2019-01-02,0.5910450662493765,924428.5009980084
2019-01-03,0.6110070701094323,1418463.2558698454
2019-01-04,0.5826782990797488,1144828.1740683466
2019-01-05,0.5885036779707624,1023025.3739375274
2019-01-06,0.5884940245526067,1099248.3082103455
2019-01-07,0.605940128548148,1306907.1755158657
2019-01-08,0.60773135252466,1358935.3793330027
2019-01-09,0.6021238765264569,1069398.0426978825
2019-01-10,0.6164065605375357,1163846.807855695
2019-01-11,0.5158013951952388,1880934.0847160257
2019-01-12,0.5298725409502221,1332808.1491021481
2019-01-13,0.5436337392235976,1465632.2972319413
2019-01-14,0.5123989397678346,897182.2409681706
2019-01-15,0.5384995111034466,1206511.1975361838
2019-01-16,0.5227206021302029,1222801.908781575
2019-01-17,0.5486749408401254,1265960.2503486052
2019-01-18,0.5683916834037789,1268041.5972429335
2019-01-19,0.5627786349688468,1827646.4489029644
2019-01-20,0.582672944527004,1305389.6935772218
2019-01-21,0.5414851541064946,1215085.9860198153
2019-01-22,0.5515535902259682,1088268.0217690584
2019-01-23,0.5585811112908055,996334.4647051654
2019-01-24,0.5524454181716559,1244022.8634691155
2019-01-25,0.5551142411800044,893688.7817008297
2019-01-26,0.5463400613917165,1222246.8440951863
2019-01-27,0.5701828629746943,2788992.428293709
2019-01-28,0.5524262960405427,3565192.7147575775
2019-01-29,0.5257901908460829,1505715.8045928366
2019-01-30,0.5252229062620646,2625930.2483771294
2019-01-31,0.5273567742014609,5612719.8739935635
2019-02-01,0.5188165345770216,4396668.654322157
2019-02-02,0.5225456296342511,1738270.568903215
2019-02-03,0.5253411520647329,903190.6147793027
2019-02-04,0.5248430032535116,780218.5168476773
2019-02-05,0.5178570734881086,829765.0987919776
2019-02-06,0.5171986944591379,660548.5688847575
2019-02-07,0.5065421445984858,885043.7670717196
2019-02-08,0.5047449391019172,734295.0648572885
2019-02-09,0.5537256257002134,3061219.7530368716
2019-02-10,0.555350089938457,1304975.9226308174
2019-02-11,0.5505576116016905,1025857.0350495239
2019-02-12,0.5442456499116897,936659.1348223046
2019-02-13,0.5475754321159884,780614.3917963677
2019-02-14,0.5438399692615165,879452.4386618085
2019-02-15,0.5331753246168495,869246.2090204387
2019-02-16,0.5469084499290003,1947352.4124732567
2019-02-17,0.561879480834695,2551678.550212788
2019-02-18,0.5801620531759233,2507065.0002959156
2019-02-19,0.6119216569978241,2056557.9524387827
2019-02-20,0.5898853293782136,2293966.094416571
2019-02-21,0.5981565035177876,1658605.7452276188
2019-02-22,0.5730434162813179,1550265.6294603043
2019-02-23,0.6140570060361901,2107160.5110496744
2019-02-24,0.6706006803842457,4948799.45027574
2019-02-25,0.5909974848747866,4065278.639853732
2019-02-26,0.6341555777397362,2130374.535052977
2019-02-27,0.606730556604139,1692225.2499844802
2019-02-28,0.6157270182447083,1887571.6375980908
2019-03-01,0.6223902362686352,1853626.9503890418
2019-03-02,0.6261269869533369,1306382.029664475
2019-03-03,0.6187146766671227,1505517.1581139972
2019-03-04,0.6120580559636762,1263543.0579599212
2019-03-05,0.5868601874848278,1919465.2383598937
2019-03-06,0.617218186235523,1517290.116445963
2019-03-07,0.6302379910472454,2043813.957782438
2019-03-08,0.6350378897516503,2040429.2928950142
2019-03-09,0.626911927751721,2126663.859659765
2019-03-10,0.6779462543659938,2502553.4188250094
2019-03-11,0.6919174364681422,2576005.7379764332
2019-03-12,0.7965776144030468,10908710.773309832
2019-03-13,0.813901386871973,8245404.1065309085
2019-03-14,0.7822372661624982,3639873.7538832994
2019-03-15,0.7868899387062019,4091703.714934851
2019-03-16,0.8177044992369683,7583275.613115229
2019-03-17,0.8451494155089192,3289229.22984402
2019-03-18,0.8619733532068067,2828801.5952449394
2019-03-19,0.8232841789896057,2457143.2911396227
2019-03-20,0.8103951930043533,2736808.247306674
2019-03-21,0.8615967788665928,3094310.2977957637
2019-03-22,0.8405467280278659,6124106.035551861
2019-03-23,0.8398184046310614,2551265.6562939174
2019-03-24,0.9157614727631489,4780214.780846373
2019-03-25,0.9346013752969236,5577575.640425621
2019-03-26,0.8968287281176088,3766046.890352949
2019-03-27,0.8581389645224452,4122455.990479564
2019-03-28,0.9424017566053361,3196188.684415487
2019-03-29,0.9243307308464709,2297530.66209982
2019-03-30,0.9659258444749182,3671504.4459719877
2019-03-31,0.9373027390300132,3037314.152371455
2019-04-01,0.9466882226518861,2572772.5413046246
2019-04-02,1.088249628559591,7337755.192029211
2019-04-03,1.1687854879474715,8612379.50299426
2019-04-04,1.1891002219780489,7273832.104345526
2019-04-05,1.223728481406577,5480781.950479282
2019-04-06,1.2223618619323697,4035420.4052915806
2019-04-07,1.2199955258302178,3492398.6649517706
2019-04-08,1.2211614908160997,4566062.808135164
2019-04-09,1.1314251189203421,4925034.7446917705
2019-04-10,1.1353437097708197,3988926.7109808177
2019-04-11,1.2888229950057677,6481106.638816493
2019-04-12,1.25316754689426,6658926.611798224
2019-04-13,1.470365971609104,15779119.064009862
2019-04-14,1.4272731554485134,6563474.396294989
2019-04-15,1.392338695643535,2963837.3676895043
2019-04-16,1.2967934697523054,4927459.906508342
2019-04-17,1.411997470373658,11901250.284424601
2019-04-18,1.3245181685979202,4397169.143319888
2019-04-19,1.3108475704273113,3235571.396947181
2019-04-20,1.3105377642056486,4053860.831407428
2019-04-21,1.2692641455425957,2331930.0103459973
2019-04-22,1.2075484560565315,4453206.5189464595
2019-04-23,1.2304270489266849,6860451.929804203
2019-04-24,1.2088149910635901,7931974.702222778
2019-04-25,1.0730925371672804,5294328.305478105
2019-04-26,0.9941235876357384,4648303.979511764
2019-04-27,0.9776671916147346,5430466.693105514
2019-04-28,1.034383388088611,4946486.749648489
2019-04-29,1.021444755037214,4809585.285918045
2019-04-30,0.9721354842162927,4043410.6181742246
2019-05-01,1.0163698912861467,3695300.2885168423
2019-05-02,1.018443073845202,4272992.103343903
2019-05-03,0.99461867273046,2640134.832336483
2019-05-04,0.9970560034036504,3397676.7071699174
2019-05-05,0.9905720197800588,2710322.1379324505
2019-05-06,0.9585691117888945,2451706.643599613
2019-05-07,0.9562176519466628,2787777.861678717
2019-05-08,0.9033326210918959,3212281.3770647175
2019-05-09,0.9115658261020947,3524077.570672163
2019-05-10,0.8787599880892943,2789193.0270951088
2019-05-11,0.8911666429918401,2803345.3868507906
2019-05-12,0.9816523411790292,4034684.474838845
2019-05-13,0.9325099136669802,4008781.46041306
2019-05-14,1.0216154827855772,3659897.831611218
2019-05-15,1.1314112536670018,5283614.132906006
2019-05-16,1.259850013920403,7646451.686279366
2019-05-17,1.1902380293423898,7410151.144495229
2019-05-18,1.1143581190712475,5205034.177751664
2019-05-19,1.1487379677617577,3479685.7934816703
2019-05-20,1.164171851309448,5574840.12126793
2019-05-21,1.0966926003633188,4065370.7353361747
2019-05-22,1.1405326618937721,4714558.716837945
2019-05-23,1.0846063900659357,3598719.618251073
2019-05-24,1.089797599053724,4329546.515801016
2019-05-25,1.1041807940368675,4494825.767960928
2019-05-26,1.1233017369815284,3634101.8242027042
2019-05-27,1.183884130938092,5686010.135785686
2019-05-28,1.1969357635519284,4584510.080077174
2019-05-29,1.1894185423438703,4131528.946305211
2019-05-30,1.16164887973091,5194955.884406876
2019-05-31,1.1293611734441638,7090869.757272097
2019-06-01,1.2037475120581385,3749366.8097377936
2019-06-02,1.1860620487622338,4702811.3199028345
2019-06-03,1.192059195102885,3372190.3366509397
2019-06-04,1.104329575399447,3301707.1040261416
2019-06-05,1.0238413070650905,4549303.046401666
2019-06-06,1.0655851289093266,5340474.468080712
2019-06-07,1.0936701206464152,4156475.4221780687
2019-06-08,1.1287828416787835,2870084.8866443895
2019-06-09,1.1057667951460666,4260188.944293813
2019-06-10,1.362815862233596,24635367.88007282
2019-06-11,1.7402447870236855,109203279.1925288
2019-06-12,1.736824001767448,36354919.81128654
2019-06-13,1.6646400021022159,35741255.21226328
2019-06-14,1.6372633943184483,15123976.749226185
2019-06-15,1.5219378329638664,11793480.758589244
2019-06-16,1.5516984518981165,9016146.13945536
2019-06-17,1.555845408718766,19043508.468547225
2019-06-18,1.538371354016972,12122574.859828558
2019-06-19,1.5447006367811666,11895782.714664169
2019-06-20,1.5414647650806144,7361891.001317905
2019-06-21,1.451352033457218,7834307.963801866
2019-06-22,1.4140722603546245,9426541.891437732
2019-06-23,1.5598012884888957,13997963.597477157
2019-06-24,1.7539339267336471,27825392.25127035
2019-06-25,1.7802609113682302,30136503.305914644
2019-06-26,1.7226566783353001,20634852.77073547
2019-06-27,1.6112268974583355,19951117.92697298
2019-06-28,1.5027491825549586,27099415.245353423
2019-06-29,1.6052529926462669,16999840.491328277
2019-06-30,1.5905477629277611,19660748.742510766
2019-07-01,1.4468607295408467,11136993.040089874
2019-07-02,1.5393508059842764,15452664.528783672
2019-07-03,1.4880208891841804,13163075.44289341
2019-07-04,1.5266725049314722,9539161.925982026
2019-07-05,1.5870721732279043,14832707.460286941
2019-07-06,1.7135820648633342,18779387.286387403
2019-07-07,1.564802711050585,13581542.140733458
2019-07-08,1.5393604045292064,8991793.243534777
2019-07-09,1.5458114525381057,10171975.801518964
2019-07-10,1.491771376920642,10783765.922923755
2019-07-11,1.3368235440441645,9507314.807721093
2019-07-12,1.0626054323034624,9057403.110520352
2019-07-13,1.1940768149592615,9368404.456969265
2019-07-14,1.1297547816477038,5755613.101514643
2019-07-15,0.9333637748477526,8346083.5139753865
2019-07-16,0.9879909865132528,7503115.351862648
2019-07-17,0.8123165161339112,7342249.566600019
2019-07-18,0.841055837223189,6929873.470857705
2019-07-19,0.8941404413018715,7777042.028089166
2019-07-20,0.8901399173377499,5925569.46617711
2019-07-21,0.9516191315204475,7730127.604925851
2019-07-22,0.9484701335768139,5285649.602309142
2019-07-23,0.9350765173324619,4857015.802533988
2019-07-24,0.8928602267710725,5431733.712562917
2019-07-25,0.9350073158456085,4261676.506319614
2019-07-26,0.9270827939153217,7443738.623940434
2019-07-27,0.9390357066333787,4421716.587276666
2019-07-28,0.9018250624285851,7207830.766760336
2019-07-29,0.8882899145616492,5442326.122425507
2019-07-30,0.8894926474644301,12486684.822675178
2019-07-31,0.8848782603684257,8883240.166400094
2019-08-01,0.9301954699759911,11866886.580817547
2019-08-02,0.9165229633874531,10796506.930309037
2019-08-03,0.9346333105909138,8097804.0651303
2019-08-04,1.0265937949329926,13204806.691009242
2019-08-05,0.9696944277928757,11371008.08070825
2019-08-06,0.9566383054425622,15197228.960156677
2019-08-07,0.8742695251190873,9737193.58245738
2019-08-08,0.8482037869465754,10648397.328196924
2019-08-09,0.8439787860345959,10412743.76850299
2019-08-10,0.7855892454116995,11850920.144018063
2019-08-11,0.7701740506952722,9751962.814608846
2019-08-12,0.8173148480272807,9585925.303823184
2019-08-13,0.7992136721610632,6471335.58743317
2019-08-14,0.771803431960712,7850486.187053886
2019-08-15,0.6508407264698716,10665719.996682804
2019-08-16,0.6697214023126955,9037176.653707488
2019-08-17,0.654512066428587,8108501.603713895
2019-08-18,0.6696893273496093,7741902.986227669
2019-08-19,0.6890779248207454,7495934.585138875
2019-08-20,0.7058690706792404,7699333.85584962
2019-08-21,0.6876225828912419,8236798.338636713
2019-08-22,0.6651011196623305,9296450.040266262
2019-08-23,0.6927307228095555,9277624.841973882
2019-08-24,0.7040900826006696,11492802.55347577
2019-08-25,0.7417451617526589,9968337.297666794
2019-08-26,0.7237814955294328,10894194.304603994
2019-08-27,0.7249185618547643,10694782.74281353
2019-08-28,0.7268560956737035,9539689.760309238
2019-08-29,0.6831910689900046,10811988.22963814
2019-08-30,0.6617818370781158,9969951.91392617
2019-08-31,0.6674478217847792,11112671.79106896
2019-09-01,0.6666595197513082,9552539.407986183
2019-09-02,0.6621781104197664,10218920.678843156
2019-09-03,0.6832454695393947,8117402.456802137
2019-09-04,0.674216896338768,9628938.803808637
2019-09-05,0.6599298223998566,10667243.690774672
2019-09-06,0.6480902174897144,9782932.131027667
2019-09-07,0.6307515646613209,8822345.85863859
2019-09-08,0.6449920863913589,8891623.605538001
2019-09-09,0.6646347605242284,8371010.231510519
2019-09-10,0.6683162456355594,10821019.157637808
2019-09-11,0.6395051393465868,9628819.66571835
2019-09-12,0.6294481753048303,9648376.197433436
2019-09-13,0.6429085121952489,9053053.272616895
2019-09-14,0.6513248122433609,9344933.655275764
2019-09-15,0.6576346608165491,8862464.67891747
2019-09-16,0.6493482748457982,9942505.00605832
2019-09-17,0.6524720650019972,7920623.8101544175
2019-09-18,0.6706742725858417,9129654.850168725
2019-09-19,0.6881732584294797,12650911.916164448
2019-09-20,0.6675276188060638,10487689.011378644
2019-09-21,0.6610990933357723,10964861.724833874
2019-09-22,0.6506856647794249,9773333.581027294
2019-09-23,0.6455732027784644,8728730.292975774
2019-09-24,0.5954949971337113,9388224.705389624
2019-09-25,0.45117049276753945,7936859.49300948
2019-09-26,0.4609108455167199,8157677.302885682
2019-09-27,0.45155478520485454,6893508.350965875
2019-09-28,0.46592708186907267,6670028.112110386
2019-09-29,0.4743070359401569,6014126.50976725
2019-09-30,0.47924888427754997,7120698.327546053
2019-10-01,0.5080239082256421,9241708.228699168
2019-10-02,0.49802963819025664,6044531.384500798
2019-10-03,0.4974764564191786,6039124.740995283
2019-10-04,0.4821355596558476,6571285.318250246
2019-10-05,0.4821833262337756,6566216.913273733
2019-10-06,0.48805825983645934,6820744.119497817
2019-10-07,0.5011599538190551,7573842.089978607
2019-10-08,0.5224139474610683,8823252.241773445
2019-10-09,0.544256157880724,8114119.488468269
2019-10-10,0.5694768301704652,9141125.44264939
2019-10-11,0.5499013733490045,22847133.389660466
2019-10-12,0.5043846274166158,9536098.482639993
2019-10-13,0.5101520867037014,7628125.328649892
2019-10-14,0.48310655433927907,7047446.19263833
2019-10-15,0.4875353911569456,7204786.24242411
2019-10-16,0.48160566244930814,7274541.60685009
2019-10-17,0.44746124952368266,5029005.095403295
2019-10-18,0.4601852913485885,3902451.5289991996
2019-10-19,0.44902008090966333,4944437.283656947
2019-10-20,0.450671012038394,4639046.206058954
2019-10-21,0.46287214140223687,4949544.574793273
2019-10-22,0.4749243606463166,5883295.229318018
2019-10-23,0.46041808068721224,4790972.865939663
2019-10-24,0.42309103717460816,5889363.546920609
2019-10-25,0.42851272356657505,4952320.076989485
2019-10-26,0.47068291032782716,4580614.894376013
2019-10-27,0.4722686505672917,6523976.78335546
2019-10-28,0.7018825021491893,19876450.626136813
2019-10-29,0.6245318432163941,14112976.054270692
2019-10-30,0.5832078907577094,7927563.466081908
2019-10-31,0.6118782615498373,9178547.35889358
2019-11-01,0.5927612298067672,6905039.148867377
2019-11-02,0.5932420431328519,10092674.300076216
2019-11-03,0.6128928016912686,13558089.656484002
2019-11-04,0.6110826032448885,11956386.22900309
2019-11-05,0.6102033548128103,13440910.973488946
2019-11-06,0.6092115883312249,14804223.325470446
2019-11-07,0.6077162008970877,14157872.65549126
2019-11-08,0.6257398162986145,7806127.319275482
2019-11-09,0.5796281961506325,21129470.0102404
2019-11-10,0.5897754449432694,6070902.9505617265
2019-11-11,0.6034412083755553,6772111.523536505
2019-11-12,0.5774707721014853,15390789.554932619
2019-11-13,0.6029319063012122,17533621.04495351
2019-11-14,0.6486648854603339,21447826.457315598
2019-11-15,0.6180649510466792,17749771.28248532
2019-11-16,0.5934811676794234,8285591.13918077
2019-11-17,0.5963579207129864,14436996.263868915
2019-11-18,0.590286645791685,14957032.211748274
2019-11-19,0.5268002156988434,15473582.003487913
2019-11-20,0.5084001815892889,15299915.814588558
2019-11-21,0.5005951543471888,5161668.548258474
2019-11-22,0.4604744611272389,7989338.118121808
2019-11-23,0.4244400240777458,7264615.668293253
2019-11-24,0.4352232610167864,5385333.485434449
2019-11-25,0.37984191922159194,7094711.275569104
2019-11-26,0.38387140062866437,6007126.604636051
2019-11-27,0.41151104705055913,4407368.278421828
2019-11-28,0.4400521811728954,5100891.391298727
2019-11-29,0.4410851702104593,4028509.5533036315
2019-11-30,0.46201064879650483,4540374.170320688
2019-12-01,0.43408621532629166,4256174.219785865
2019-12-02,0.42651766284292647,4662343.150953286
2019-12-03,0.4232454531230858,3859826.6192525006
2019-12-04,0.41925135383463935,4891589.657191833
2019-12-05,0.4153488567326347,5626369.508604629
2019-12-06,0.4156743828213297,5420582.02048129
2019-12-07,0.41925306958057174,5157334.432172659
2019-12-08,0.42565244316299744,5060637.705933796
2019-12-09,0.43327980473401956,4761661.41854668
2019-12-10,0.43381322928479693,4628625.670283547
2019-12-11,0.4021692760148053,4837308.695655283
2019-12-12,0.41091766330014257,4578254.344388442
2019-12-13,0.4108145637736054,4693208.347304669
2019-12-14,0.4155054418759248,4256756.765028412
2019-12-15,0.3996509003586489,3972782.026616671
2019-12-16,0.40071896549580915,4003881.0307448367
2019-12-17,0.3768610630574816,4139742.548976515
2019-12-18,0.34882900973906394,4575979.83305849
2019-12-19,0.3760803793193065,4776408.486492669
2019-12-20,0.3718185195257313,4320438.712225935
2019-12-21,0.38264888807082686,4168976.7651888165
2019-12-22,0.37526109346427283,4077441.9456499605
2019-12-23,0.3807607422811033,4164320.6253271764
2019-12-24,0.36490286492296276,4095228.802676358
2019-12-25,0.3685244483948179,3982484.3017863375
2019-12-26,0.358469556292342,3741412.297093224
2019-12-27,0.36424164225541295,4064172.4163325587
2019-12-28,0.3616574648675914,3938094.375745041
2019-12-29,0.3729986641301558,3957300.913946636
2019-12-30,0.3818618990033004,4630860.2702874215
2019-12-31,0.36661241211958134,4268207.869265073
2020-01-01,0.35975822953758374,4260510.630720608
2020-01-02,0.3640127354186799,3317337.5092082443
2020-01-03,0.349603370563214,3911331.838622252
2020-01-04,0.3655433809621142,4773403.574498095
2020-01-05,0.3634414421784917,3890936.20998676
2020-01-06,0.36783485539861766,3980549.19215741
2020-01-07,0.39088768817774605,4560245.519998818
2020-01-08,0.3932998353086537,5187095.663536568
2020-01-09,0.36660016073252905,4600664.80589167
2020-01-10,0.3588229835720226,3780998.82476482
2020-01-11,0.3817144315998906,4985824.249082831
2020-01-12,0.36715072161819123,4319576.446512849
2020-01-13,0.38736868310507633,4239519.792090172
2020-01-14,0.3757480961525635,3962513.6588129746
2020-01-15,0.41647216215762556,7213520.096941545
2020-01-16,0.4429474587219847,8974701.403119223
2020-01-17,0.43320288877895674,5313237.058231393
2020-01-18,0.44995227320587516,6227315.873218209
2020-01-19,0.4404619057484214,5403037.432553454
2020-01-20,0.41896179352452234,4779583.852211174
2020-01-21,0.4189040881194558,4241421.219504618
2020-01-22,0.43085672209461845,4494521.776642735
2020-01-23,0.4279412749354516,3830732.527051077
2020-01-24,0.41049032935933977,3327184.470747279
2020-01-25,0.41756079191353096,4237906.183874164
2020-01-26,0.41414458604058774,3682922.6066513024
2020-01-27,0.4253986186261389,3908191.567297755
2020-01-28,0.4282917154142937,4153962.8597904537
2020-01-29,0.43487443146188526,4318219.7611407
2020-01-30,0.4509607578308486,9215614.987242313
2020-01-31,0.47486370187066806,5631033.482591275
2020-02-01,0.4926120282253161,6272034.878502147
2020-02-02,0.514999302070053,5694487.701727639
2020-02-03,0.5333109896961575,6524217.508170738
2020-02-04,0.5269315146123082,5424490.134565088
2020-02-05,0.5217037533151294,4447550.530664582
2020-02-06,0.5414522036324751,5901313.257544661
2020-02-07,0.5729446022499592,5819871.945685806
2020-02-08,0.6092650262639155,6757117.322696958
2020-02-09,0.5829744273723803,7029186.429301734
2020-02-10,0.6041416507857609,6592535.641892093
2020-02-11,0.5966528648610417,5584299.884361719
2020-02-12,0.614593011911147,5920166.459956084
2020-02-13,0.6617227539258121,8295757.19686749
2020-02-14,0.6377120302567013,9878598.849026931
2020-02-15,0.680617249175101,7664157.132386734
2020-02-16,0.5905241479663283,9142664.854394743
2020-02-17,0.5576808722946733,8727789.009970464
2020-02-18,0.5502266159597997,7708122.132893746
2020-02-19,0.5988450746800646,5951809.893379394
2020-02-20,0.5328475089304332,5908643.0514661195
2020-02-21,0.5364702875274445,6475407.464970887
2020-02-22,0.5450334821203564,4680212.269202834
2020-02-23,0.5197878219568957,4285699.748501611
2020-02-24,0.5479668590089868,4777110.956563694
2020-02-25,0.5231676362903755,4729281.177322779
2020-02-26,0.47909041776203515,5069513.4439156
2020-02-27,0.4404421214436871,6921477.620623424
2020-02-28,0.4478937450377273,5982367.462018344
2020-02-29,0.43525345897868745,5986886.8936481625
2020-03-01,0.4188860004534433,3839429.4770100545
2020-03-02,0.4141143336051429,4121530.459934807
2020-03-03,0.4398157939920133,4871172.298614718
2020-03-04,0.4309901396038526,3920805.578238562
2020-03-05,0.4421814839954382,2328703.5772372982
2020-03-06,0.45324289937182666,3999575.8813210884
2020-03-07,0.4735003250129452,4572071.113184166
2020-03-08,0.460771707382438,4331493.777296811
2020-03-09,0.38604742048840057,4467244.766522891
2020-03-10,0.3895771015878602,5043086.393773388
2020-03-11,0.3865348524017419,2970778.845663798
2020-03-12,0.37956241327743007,2667656.666429377
2020-03-13,0.2031571629085085,4939579.736473328
2020-03-14,0.20974319481800785,5726673.069680378
2020-03-15,0.19608704038902766,2185882.637301494
2020-03-16,0.20296936875551744,1996757.687335401
2020-03-17,0.17789088728554608,2534273.704934326
2020-03-18,0.19348948839042396,2594024.681920098
2020-03-19,0.20939850836443274,4099154.005376998
2020-03-20,0.2345142779357482,4660563.848485867
2020-03-21,0.22536028906474162,4931053.573132574
2020-03-22,0.23187388737386977,3496331.9166478873
2020-03-23,0.22594466134228944,3792830.715568814
2020-03-24,0.23699662990419348,3941253.377472877
2020-03-25,0.25794335062372103,5075049.32452593
2020-03-26,0.24943067139577807,1529309.2848800898
2020-03-27,0.2582430249957429,1870068.8327900665
2020-03-28,0.25548904433555925,5726717.7613942195
2020-03-29,0.2561637136063871,4483029.46412306
2020-03-30,0.2435167689421103,4207813.5826373845
2020-03-31,0.27607633187333974,5133524.997852268
2020-04-01,0.2750776873918413,4375046.540494627
2020-04-02,0.27280083821846474,4583224.816611305
2020-04-03,0.2664486379974591,4774712.640962879
2020-04-04,0.26473356472807275,4406660.980292547
2020-04-05,0.27892708080416984,4535838.770247738
2020-04-06,0.27196212678231635,4654681.365317714
2020-04-07,0.28912249367160353,5540482.280129618
2020-04-08,0.2812110829991571,5184149.741282957
2020-04-09,0.2876408307329161,4984131.687745377
2020-04-10,0.28123118949330783,4739635.877396317
2020-04-11,0.2539762380027024,4920787.332485266
2020-04-12,0.25584619805243913,3703441.329182894
2020-04-13,0.26067393571278624,3913747.366159352
2020-04-14,0.2561727596878896,4037756.167959289
2020-04-15,0.25431233378812995,3800029.1871951716
2020-04-16,0.24532000046137262,3379744.332242898
2020-04-17,0.2617250067431294,4301090.020151349
2020-04-18,0.27154167232353704,5351693.534800941
2020-04-19,0.2755044684361137,5457347.938808585
2020-04-20,0.26536805889343884,5140690.902591056
2020-04-21,0.25166435262236553,5191577.577318931
2020-04-22,0.24941112549203695,4830007.341191822
2020-04-23,0.25961087700968855,4499296.394445484
2020-04-24,0.2593089757256316,5386927.059801275
2020-04-25,0.26671757100942706,4741658.795195049
2020-04-26,0.27232437083563704,4854987.514449621
2020-04-27,0.2830747738872529,4769895.691838723
2020-04-28,0.287456596763464,6229413.830150095
2020-04-29,0.2879925136597659,4748615.681436055
2020-04-30,0.2965433502759031,6006567.205654314
2020-05-01,0.2897286151402946,6328740.725975676
2020-05-02,0.2985109833853882,5090240.539179344
2020-05-03,0.3115615057060663,3601272.177234273
2020-05-04,0.2982804887380328,2703398.809026115
2020-05-05,0.29070001560937164,4499332.733445471
2020-05-06,0.2921634440949581,4584018.923978981
2020-05-07,0.2795454846276334,4726952.999252905
2020-05-08,0.28248616784689534,4610913.692926609
2020-05-09,0.28958441541649543,4810806.274566244
2020-05-10,0.2711648712077151,3605609.3650885583
2020-05-11,0.25860401415729944,4408384.278169676
2020-05-12,0.2510993242023052,4996359.644625693
2020-05-13,0.25984383206287376,4695872.034794399
2020-05-14,0.2693478818113378,4668386.016014599
2020-05-15,0.27036372227466604,5977527.846048072
2020-05-16,0.27008246284303944,5289979.602832001
2020-05-17,0.28469208969026955,4658156.777326773
2020-05-18,0.2806873435042719,5243249.072614441
2020-05-19,0.28066769057066193,5000126.470429809
2020-05-20,0.2829038512886085,5853509.764772461
2020-05-21,0.2835501379530389,6651749.7893606275
2020-05-22,0.28726215095276353,6694415.037138548
2020-05-23,0.3337272027301957,16124554.882644748
2020-05-24,0.321613593636792,10094599.46599835
2020-05-25,0.29546290399229397,8289102.70191181
2020-05-26,0.33134348285196275,7782567.407427728
2020-05-27,0.34236963513755997,10665381.413498657
2020-05-28,0.33274783365348815,8639322.892978175
2020-05-29,0.3458878487606355,7715231.8681859765
2020-05-30,0.3444142394417802,8758344.339309067
2020-05-31,0.4068866246940981,18541915.137417216
2020-06-01,0.37137196243717496,12141607.99593543
2020-06-02,0.3844917384303539,9261578.090444455
2020-06-03,0.3826902950687317,9608883.463294921
2020-06-04,0.3857330376682632,7629817.964039331
2020-06-05,0.3832776932490063,5684998.282831659
2020-06-06,0.3816724680144113,5513522.112488598
2020-06-07,0.38033384617442956,5303666.556379058
2020-06-08,0.3746216099549228,6591317.184505375
2020-06-09,0.38862584712240905,5844356.868266429
2020-06-10,0.3894860268045009,4594310.114659632
2020-06-11,0.393695117338878,3621107.05275847
2020-06-12,0.3571957811130996,5278124.8183170315
2020-06-13,0.3823148633510335,5575778.995438469
2020-06-14,0.38484072324415763,5010593.393173782
2020-06-15,0.36849949730140197,3950647.961910552
2020-06-16,0.3586575203209052,5531971.496266767
2020-06-17,0.3680098528840303,4951545.485251843
2020-06-18,0.3765400340032263,4900524.400897784
2020-06-19,0.3685768808031845,4908337.184317953
2020-06-20,0.3670305951179814,6494450.25685439
2020-06-21,0.3668946207883252,6017538.549265186
2020-06-22,0.36133503231203884,5340257.876241721
2020-06-23,0.38788981192053384,7513697.731591925
2020-06-24,0.4080482660842961,7433733.826835832
2020-06-25,0.3875176682993193,5824080.7538655475
2020-06-26,0.3884719464279027,5313965.604543038
2020-06-27,0.3745445068784901,5226521.874115961
2020-06-28,0.3515261434772728,5198790.5210976675
2020-06-29,0.3542548468012403,4446783.583747405
2020-06-30,0.3737137080947251,7220458.746936494
2020-07-01,0.36762723178516477,6822759.72116893
2020-07-02,0.37152202604136114,5122346.505509138
2020-07-03,0.36187254238097505,3575241.657082768
2020-07-04,0.36456544752718056,4900834.665742466
2020-07-05,0.37234689695186834,5175674.780939606
2020-07-06,0.38969195989875055,9279575.177564804
2020-07-07,0.4224674201784201,10443349.115040477
2020-07-08,0.42900808098771664,8143232.214388188
2020-07-09,0.43583251262163797,7161601.170734577
2020-07-10,0.41730309720787556,8224366.073299545
2020-07-11,0.4542650071907197,9047429.139841136
2020-07-12,0.5112488637461158,13250654.823949974
2020-07-13,0.4774560384214173,10486194.380369542
2020-07-14,0.4621847848803372,8310234.273717284
2020-07-15,0.4962135789031841,10024186.251401016
2020-07-16,0.48181950301814613,8091445.019016939
2020-07-17,0.4560502864317869,7068015.470228255
2020-07-18,0.4673595287627889,5849467.833874152
2020-07-19,0.47621331632969405,6717322.296463306
2020-07-20,0.48083758325399234,7208761.268072663
2020-07-21,0.4829516279364609,10890333.129481962
2020-07-22,0.5001901363701571,13265860.495590838
2020-07-23,0.502003639357442,11663333.21952986
2020-07-24,0.4846833425099203,11032342.847366218
2020-07-25,0.4799144823667779,8606519.440500148
2020-07-26,0.4738534166618188,9815218.443546608
2020-07-27,0.45966530297874475,10006566.034460027
2020-07-28,0.4203969734081412,12143381.132276826
2020-07-29,0.44139106425054864,9191028.431033252
2020-07-30,0.4319838716188632,7172962.774976459
2020-07-31,0.4304688487394415,7748864.418301983
2020-08-01,0.42741491003786536,7723425.676286412
2020-08-02,0.44100030876603585,7624116.718563266
2020-08-03,0.4303406603905094,12390683.268123765
2020-08-04,0.44188882862172696,8005556.979936216
2020-08-05,0.4587676674032681,8199533.32591809
2020-08-06,0.45338440010855835,6968843.331791907
2020-08-07,0.4527674708599156,6382767.844494563
2020-08-08,0.44724371546703773,7493133.311951052
2020-08-09,0.4696528146318188,6913596.591946058
2020-08-10,0.4718433485419849,7909307.034810537
2020-08-11,0.5739478433404857,31885674.08611794
2020-08-12,0.5474544016287838,15317768.607045624
2020-08-13,0.5362333818588524,10827845.78336452
2020-08-14,0.5310361474129682,11109720.597841956
2020-08-15,0.536538693584461,8841749.999955032
2020-08-16,0.5270482638746532,6437019.772045765
2020-08-17,0.5405510185513476,6953195.928750849
2020-08-18,0.5492696032422489,7769306.0806884505
2020-08-19,0.5405755050571316,7153472.165202215
2020-08-20,0.5176163431494741,6566441.547764973
2020-08-21,0.5490614230301137,5455060.775794541
2020-08-22,0.5401928254435048,10812462.489050457
2020-08-23,0.5702774702970796,6025125.1834435845
2020-08-24,0.5953963711320496,7075468.002521922
2020-08-25,0.5829535141068469,6343505.358555024
2020-08-26,0.5397324734252732,7792898.034403494
2020-08-27,0.5452064034814817,5598882.246182291
2020-08-28,0.5204931454396944,6509615.784810318
2020-08-29,0.5329656419641943,5150207.979101056
2020-08-30,0.539883094075498,5454230.419240733
2020-08-31,0.5448353671906905,6551123.71590208
2020-09-01,0.5431850354651887,6515697.758449542
2020-09-02,0.5263735557626467,7836276.721889549
2020-09-03,0.479199716997602,8908895.971750217
2020-09-04,0.3663543254421137,7098710.489409662
2020-09-05,0.3923771284489498,7336416.279728068
2020-09-06,0.3423178735073373,7300914.033635483
2020-09-07,0.3689151485473945,6210724.918701173
2020-09-08,0.366914941235545,4888624.451511364
2020-09-09,0.3614651342685154,4498815.700385863
2020-09-10,0.3620147538734531,3877244.7469028966
2020-09-11,0.38724328688700776,5486180.848407541
2020-09-12,0.42383256977230843,5843148.997285105
2020-09-13,0.4215592554653162,5579681.117190686
2020-09-14,0.39224676220242194,4845966.521721145
2020-09-15,0.4064499435821229,5123432.987817595
2020-09-16,0.38269973053095374,4109489.395822022
2020-09-17,0.3897076419505437,4589931.0811448395
2020-09-18,0.38169866109963924,4715912.836688518
2020-09-19,0.3794263636887284,3094154.6863508336
2020-09-20,0.37893641868843625,2374215.5625308873
2020-09-21,0.3634050156099311,2883077.150051399
2020-09-22,0.3317891659688977,3654223.1763611855
2020-09-23,0.32893726657018507,2985140.316693824
2020-09-24,0.3080699248175437,2840844.341114531
2020-09-25,0.33488227840314433,2849971.2633245015
2020-09-26,0.33943064572733894,3031083.982737952
2020-09-27,0.34659649593177017,3169784.1244181804
2020-09-28,0.3373509683506654,2838854.2400273187
2020-09-29,0.3369358177600635,2618501.206357664
2020-09-30,0.3768904049744841,3420247.2823590436
2020-10-01,0.38273578433942057,3592652.7848635972
2020-10-02,0.35405937929908904,3323535.7649900275
2020-10-03,0.34529590938545296,3127198.750589986
2020-10-04,0.3447776188069557,2110915.5484614964
2020-10-05,0.34787065100702214,2166548.893511915
2020-10-06,0.33904454147392943,2241260.856151297
2020-10-07,0.31350382401971383,2625924.4634562596
2020-10-08,0.3229938088000303,1747616.1901950547
2020-10-09,0.3292769522458214,2004215.622528321
2020-10-10,0.3377512469729981,1912141.8857770043
2020-10-11,0.3346175946810876,2070391.5916150105
2020-10-12,0.33809525785207306,1759565.3744188675
2020-10-13,0.3424259850361127,2306287.568563572
2020-10-14,0.3470294649236329,1752747.011591425
2020-10-15,0.3385919591715916,2560947.136852697
2020-10-16,0.33195734759578477,2626779.5875451863
2020-10-17,0.31172751021313116,2568221.3350472455
2020-10-18,0.32596684520593455,1776609.3378194384
2020-10-19,0.3239721992210541,1690948.806543974
2020-10-20,0.3207435746797142,2034973.0446691557
2020-10-21,0.30813277343257556,1948885.891743422
2020-10-22,0.31712821640331795,3592579.4152477803
2020-10-23,0.3257034338299367,3362890.292078975
2020-10-24,0.32079657782855925,2659003.0601140917
2020-10-25,0.3190208400056699,2370756.70375673
2020-10-26,0.3105872927797639,1802596.7745689012
2020-10-27,0.30518375393236935,2654236.1243545325
2020-10-28,0.3043771342297587,2547546.3661514237
2020-10-29,0.291233490563521,2889533.03497574
2020-10-30,0.2742534269630726,2148085.7342031887
2020-10-31,0.28203809067201546,2338340.78504521
2020-11-01,0.2687271187571197,1802796.6020486169
2020-11-02,0.27644356849741747,1438265.8674010076
2020-11-03,0.2630199248703476,2131308.347352962
2020-11-04,0.2500169448498185,2274634.2731120884
2020-11-05,0.2704708992481069,4122641.598687098
2020-11-06,0.2773965957552185,5888404.632238761
2020-11-07,0.30460906789528314,2454469.2042751154
2020-11-08,0.2772402736251342,3505847.8116531353
2020-11-09,0.2899755049977138,2570227.8670018036
2020-11-10,0.2794029622039145,2388970.5280258516
2020-11-11,0.3020606031778163,2246147.2236272795
2020-11-12,0.2945862458082444,2254460.8469745074
2020-11-13,0.28298268344684335,1717301.8624294277
2020-11-14,0.2902750673554674,1193638.269148508
2020-11-15,0.2848912926336618,1119933.1680629354
2020-11-16,0.28902827845111284,4126107.426479576
2020-11-17,0.2989025662616526,1501304.1661107088
2020-11-18,0.3087570567404557,1435830.1363796375
2020-11-19,0.29655850611731815,1567585.1880507898
2020-11-20,0.29426904777445156,3371915.800284739
2020-11-21,0.3036808298492816,1552495.8888020176
2020-11-22,0.3294247688830202,2859004.014405773
2020-11-23,0.3220656822868464,3046753.645102625
2020-11-24,0.34316698599360007,3488349.100041791
2020-11-25,0.3648320805597561,4565580.130580193
2020-11-26,0.3664653312025063,3573980.2741653407
2020-11-27,0.3138558631078982,4177735.798247008
2020-11-28,0.30709738590091334,2540146.414678121
2020-11-29,0.31279370096415515,2087017.823024881
2020-11-30,0.31691925876578303,2045370.1674623038
2020-12-01,0.32498852090364916,2797630.529775805
2020-12-02,0.31200288251259034,3701299.4437011983
2020-12-03,0.32287480950596836,3039622.080493981
2020-12-04,0.32333524423716103,2952909.33459633
2020-12-05,0.3162399042537174,3498146.766574651
2020-12-06,0.3357276094124232,3383711.5253892383
2020-12-07,0.32529759798791447,2717020.8325966108
2020-12-08,0.31621069963596643,2898493.7637265734
2020-12-09,0.30834181442892933,2933899.824267009
2020-12-10,0.30755627981291006,2731902.112713142
2020-12-11,0.30213103386552387,2521275.046977038
2020-12-12,0.29285469233885253,2390281.1453910046
2020-12-13,0.3020059380318652,2279351.663245337
2020-12-14,0.3117527239114652,2801983.1396727078
2020-12-15,0.3114657181682408,2242436.2744838176
2020-12-16,0.306898829248265,2436422.8662008694
2020-12-17,0.3095773217025008,3403025.773103583
2020-12-18,0.3116959677225381,3592620.7059233654
2020-12-19,0.3198849825358002,3524050.8378951433
2020-12-20,0.31973314335187264,3605688.7199179553
2020-12-21,0.3309634122229529,4599411.323565633
2020-12-22,0.3175842694228149,4033450.415113581
2020-12-23,0.3190421852842995,2917365.651451463
2020-12-24,0.26421104966169273,6373380.57289418
2020-12-25,0.28488286386415806,2971471.4083463415
2020-12-26,0.27661835043985683,2994415.069222429
2020-12-27,0.2691905137111961,2772918.044875389
2020-12-28,0.2712208331560049,3328750.028789784
2020-12-29,0.26793231724018496,2850869.246392821
2020-12-30,0.25833750389452814,2980373.762535105
2020-12-31,0.24059512018505025,2767635.456501088
2021-01-01,0.23447809747453116,3155358.9798457716
2021-01-02,0.24818942131669455,2840685.0880905604
2021-01-03,0.24120651832854753,2805237.263738375
2021-01-04,0.24906187412657982,3993461.9082919704
2021-01-05,0.2458806147233402,5708153.78292846
2021-01-06,0.2532754842127139,4515270.646817278
2021-01-07,0.27534265071856784,4625642.417680841
2021-01-08,0.2919043229523966,7460945.385821888
2021-01-09,0.3104562019815503,9782418.876610372
2021-01-10,0.32880782533951497,8164516.969785513
2021-01-11,0.34010620349401277,10606624.037986035
2021-01-12,0.2827207399018213,9233113.812900767
2021-01-13,0.27062167875018855,5840601.221508802
2021-01-14,0.2919992360293588,4957978.006601583
2021-01-15,0.28711056321645584,7445000.281847036
2021-01-16,0.29897890898101676,6210938.766607005
2021-01-17,0.2978956481063069,5439994.787239993
2021-01-18,0.32699263911545307,9823345.923276424
2021-01-19,0.32899570645011716,5728949.161205658
2021-01-20,0.3179117256805361,5448915.974773411
2021-01-21,0.3239353441539943,6420787.899212802
2021-01-22,0.28897286527691357,5449497.559222247
2021-01-23,0.28927464326764324,5640269.860562734
2021-01-24,0.3008820699893455,5575955.942313543
2021-01-25,0.3096964834977832,6308933.334621463
2021-01-26,0.29904173678862417,5458693.177822086
2021-01-27,0.29308299370468804,5230488.673300877
2021-01-28,0.2874722673804311,5471847.442043331
2021-01-29,0.290998718060556,5766793.8656851
2021-01-30,0.30723360686776924,11539753.417260304
2021-01-31,0.31926550589476704,23161856.979037385
2021-02-01,0.3317175077089418,11348189.724022847
2021-02-02,0.3303033314453312,7586491.267026535
2021-02-03,0.33542639326464624,6565349.846982745
2021-02-04,0.3525005957914077,6954457.555015683
2021-02-05,0.35956942374844325,8467090.329007149
2021-02-06,0.3860821895780255,11852582.606867703
2021-02-07,0.37021344267128514,9175684.61934773
2021-02-08,0.3853459750156614,16939459.55722651
2021-02-09,0.40259345746834097,10106140.597782185
2021-02-10,0.450885800058935,10312940.868303675
2021-02-11,0.44860808589175355,14282456.805476788
2021-02-12,0.5515896174201484,20368897.81658226
2021-02-13,0.576933766623384,17739599.260053094
2021-02-14,0.7016918680990132,36605482.10069079
2021-02-15,0.7293963740612983,24224819.43555688
2021-02-16,0.6538348621493446,20844913.07145764
2021-02-17,0.6399445760741624,12915821.110391276
2021-02-18,0.634408322896415,14602989.223052269
2021-02-19,0.7082796429338652,15721822.579220563
2021-02-20,0.6787111662819463,14218634.053027151
2021-02-21,0.7370487832918301,24857218.309892762
2021-02-22,0.7762246594046409,44947158.57946079
2021-02-23,0.6527361799014997,18309561.434333406
2021-02-24,0.5139329227163547,18942006.307602257
2021-02-25,0.5369714365837673,12484289.93474517
2021-02-26,0.4897625253577305,10776416.016924793
2021-02-27,0.4658860903501618,8743975.09426259
2021-02-28,0.5038369247293425,9440214.407976393
2021-03-01,0.4851865962485122,8406599.749083117
2021-03-02,0.5206831480289039,8080612.257123133
2021-03-03,0.49656413708373237,7365414.5715707
2021-03-04,0.5257901588185715,7697436.338354693
2021-03-05,0.5155962910965933,8861234.071903098
2021-03-06,0.5522422436260345,9202024.38777593
2021-03-07,0.5738406280569444,8143112.8938531885
2021-03-08,0.5975055634453014,8592035.05459705
2021-03-09,0.6470368047955131,10838067.790585728
2021-03-10,0.689148831559928,12242963.488581985
2021-03-11,0.6354226595700315,11976840.670705836
2021-03-12,0.652784978268798,11040562.41388429
2021-03-13,0.6411515056956177,10337442.802127494
2021-03-14,0.7624626618847286,18596908.912864063
2021-03-15,0.7077828278071302,11961429.970334746
2021-03-16,0.7151027787171038,13928962.838447684
2021-03-17,0.8269092797759384,19071854.50224726
2021-03-18,0.8054667625075708,16866266.529338133
2021-03-19,0.8811376688580875,15544523.603444017
2021-03-20,0.8543850555096624,10947940.289151592
2021-03-21,0.8578447868158342,10758996.621862825
2021-03-22,0.8925203104808599,12758754.070660781
2021-03-23,0.8977462347450216,16897140.93807886
2021-03-24,0.9611977549940376,14331666.74444947
2021-03-25,0.9652014956292828,25544282.592388242
2021-03-26,0.8919496241851169,10542586.487879356
2021-03-27,0.9248440899112957,10295076.587369546
2021-03-28,0.8928859593340365,8161146.900832266
2021-03-29,0.9978537729711128,14011215.884433473
2021-03-30,1.0181083012536485,12082903.223919235
2021-03-31,1.1344066812094216,25030987.75960594
2021-04-01,1.3006418540809632,23903800.610814568
2021-04-02,1.198879162005698,15841263.57963115
2021-04-03,1.190804022176036,14135440.277208436
2021-04-04,1.0669173492570618,9752384.688605279
2021-04-05,1.2484400261259918,10856222.840275025
2021-04-06,1.2063021570347086,13090092.77475275
2021-04-07,1.304148199663342,15353148.54242811
2021-04-08,1.1084501031355631,18253465.768110674
2021-04-09,1.2275478482634965,14179477.215405047
2021-04-10,1.1785726790651085,9779364.104422048
2021-04-11,1.2394608191068672,11861155.52841967
2021-04-12,1.3840157830751567,25969751.939892743
2021-04-13,1.29430774504652,17075354.140615117
2021-04-14,1.2822867564537137,14605173.517839711
2021-04-15,1.1942629813435253,11863256.558102682
2021-04-16,1.2770041986184295,11290011.707793618
2021-04-17,1.4088236807836207,25270184.52495794
2021-04-18,1.5102885626285845,46616251.00419504
2021-04-19,1.2846375462799702,23206539.303646445
2021-04-20,1.1594065059944212,19538139.394018706
2021-04-21,1.1516163551355854,16479079.353560362
2021-04-22,1.064752282359668,9982190.784549931
2021-04-23,0.9156219472995074,10242268.979081588
2021-04-24,0.8635738792259451,12605383.850231016
2021-04-25,0.8550159144226327,10603719.017338684
2021-04-26,0.8166988524264102,8601823.93300755
2021-04-27,0.9672005874302879,8924047.371324468
2021-04-28,1.0600562401234424,10327809.862549566
2021-04-29,1.0051073926656517,10165279.256958649
2021-04-30,0.997083800120196,6382188.94188139
2021-05-01,1.1043468257302071,9794938.063704764
2021-05-02,1.0886278237218543,8230923.134787676
2021-05-03,1.0731168764794405,10366504.78593565
2021-05-04,1.0722299191899836,8690142.802815203
2021-05-05,0.9486278135993064,10709883.968599554
2021-05-06,1.0161540853336817,11546847.186866514
2021-05-07,1.2017810992216142,34693502.64285082
2021-05-08,1.207449633743374,26338229.312841155
2021-05-09,1.1777693488185952,14338744.311070828
2021-05-10,1.1473749159062967,13196975.13887241
2021-05-11,1.0115276866595526,13715565.026728233
2021-05-12,1.0346368135947324,12336598.16387607
2021-05-13,1.0214666447779364,30172053.83671975
2021-05-14,0.9753489650645635,22525623.7356715
2021-05-15,1.0300647659544167,11528054.142405866
2021-05-16,0.8878898749826725,14695466.875448344
2021-05-17,0.8722410997763206,10693028.63719586
2021-05-18,0.7937626705000242,11811232.054784974
2021-05-19,0.7892578254072921,9088095.732911594
2021-05-20,0.4972378709330977,10797536.75777011
2021-05-21,0.594641301168479,11352639.357768832
2021-05-22,0.47902044400469057,9095384.2950357
2021-05-23,0.5032785876373677,9806309.445366563
2021-05-24,0.4215585861772108,8217714.115873
2021-05-25,0.5137844444987508,7621385.538540257
2021-05-26,0.4919911329444814,5068692.061477738
2021-05-27,0.5678352202700871,5868342.401512077
2021-05-28,0.5772679523220536,5757277.669654648
2021-05-29,0.4941483455406801,4891894.801349079
2021-05-30,0.5156387970988711,8814481.779354544
2021-05-31,0.4921961225131421,5253020.091496479
2021-06-01,0.5336094222187834,4647043.567542486
2021-06-02,0.5060397378580043,3918060.131895238
2021-06-03,0.5409332265956819,4566412.685857277
2021-06-04,0.5632484738941922,5084257.762194306
2021-06-05,0.5051732162439235,5006354.4972108845
2021-06-06,0.4804045197430014,3889570.3503881022
2021-06-07,0.5113047954922856,4053523.914174532
2021-06-08,0.45471870221160604,4345676.70774948
2021-06-09,0.45863165902851405,4725004.50923577
2021-06-10,0.46197496679210437,4167462.846648657
2021-06-11,0.452621544590479,3730153.027750311
2021-06-12,0.4272981105338716,3184976.3646899858
2021-06-13,0.41135989017444513,3369996.1418378013
2021-06-14,0.4308922696310692,2968291.6783154793
2021-06-15,0.44215010656230685,3058482.708130743
2021-06-16,0.4474978646891186,3314414.2474597115
2021-06-17,0.43253634061736884,3257189.5600749366
2021-06-18,0.4358445642199973,3317997.2825068906
2021-06-19,0.39525636697827693,3155148.6128630233
2021-06-20,0.38323207250376895,3258253.3956382344
2021-06-21,0.37260980886952183,3012334.6992404032
2021-06-22,0.2860725500483225,3851626.6270459997
2021-06-23,0.2697291313287576,3888307.800501464
2021-06-24,0.276626353341846,2913174.4136085096
2021-06-25,0.28462772021798577,2664666.1954451837
2021-06-26,0.2629874031940342,2420015.9763419363
2021-06-27,0.26972619475002424,2438534.683557207
2021-06-28,0.2736723331289697,2147899.408950706
2021-06-29,0.28709467031924163,2314296.485800424
2021-06-30,0.3047495163042758,2636776.9079517894
2021-07-01,0.30713734401536974,2349672.4900429216
2021-07-02,0.2906040251821104,2416554.041317822
2021-07-03,0.3074972043122306,2997896.344945484
2021-07-04,0.31402692332423565,3445791.0482736556
2021-07-05,0.32075005537190465,4596367.757003016
2021-07-06,0.3062383199435867,4041269.871453973
2021-07-07,0.3111358043979551,5165776.0780200055
2021-07-08,0.32493574585684537,4496775.906572476
2021-07-09,0.3021326484213977,4270414.919620178
2021-07-10,0.31621690183982676,4273389.322291298
2021-07-11,0.3245662566610783,4006829.6118918117
2021-07-12,0.3265917172298793,4188136.518842536
2021-07-13,0.3134899804390617,3951963.5966465184
2021-07-14,0.3012160126607636,3191961.9131652666
2021-07-15,0.29710747053854714,2029595.9944286465
2021-07-16,0.28757603317084196,1703742.8322629763
2021-07-17,0.272750682890833,1760254.1134335017
2021-07-18,0.27117252271192993,1733852.5513990386
2021-07-19,0.2742310171535993,1685850.2732283247
2021-07-20,0.2619477870017382,1852986.2158778745
2021-07-21,0.27229552459987916,2769203.973665094
2021-07-22,0.2951987628717876,3790022.1894400553
2021-07-23,0.2970197524338999,2945296.9349605315
2021-07-24,0.3016977321112233,2581856.0719858613
2021-07-25,0.3002704871700507,2636624.9830240384
2021-07-26,0.30386567547546517,2652875.66408508
2021-07-27,0.30016464336236975,3269637.852199268
2021-07-28,0.3108421184639541,2747666.1589769875
2021-07-29,0.32797924602000555,3410501.3869739445
2021-07-30,0.33510534091597116,4649020.664720232
2021-07-31,0.3354596971450793,4259401.914409807
2021-08-01,0.33891048735202334,3181727.5891718017
2021-08-02,0.34280405390148816,3808962.1767467805
2021-08-03,0.3428386598112238,3308427.3873290233
2021-08-04,0.3397083137190716,3735721.7214535046
2021-08-05,0.3698419899066514,5173594.744854497
2021-08-06,0.38030750570986277,6311762.052580663
2021-08-07,0.4134851050151128,5786914.894801867
2021-08-08,0.45155448606946474,5923071.344720953
2021-08-09,0.4127962023984591,4876566.971405468
2021-08-10,0.4542157388402205,5540198.667893761
2021-08-11,0.4535379339826938,7966219.4971544305
2021-08-12,0.4780019286696242,6443965.55833329
2021-08-13,0.44538601671420025,5199659.768084584
2021-08-14,0.5155273928378622,8768430.967403345
2021-08-15,0.5679602772290365,34143143.98373897
2021-08-16,0.540625901536935,7263675.121394206
2021-08-17,0.5175143118960129,5988876.091553047
2021-08-18,0.49946071658665064,5841945.392956251
2021-08-19,0.5406866971697271,7012283.091256039
2021-08-20,0.5481350028048865,5503854.323175433
2021-08-21,0.5845254692957965,5173768.606003234
2021-08-22,0.6123381875930286,5675176.841708498
2021-08-23,0.5807178416685559,46233556.0957986
2021-08-24,0.5715387002447448,9038971.102255523
2021-08-25,0.5208840596761651,5973513.402969398
2021-08-26,0.5209170287772568,4523562.732009556
2021-08-27,0.4780863999668211,4241461.670706423
2021-08-28,0.49786159917498807,4255761.114423175
2021-08-29,0.4904381558135725,3713692.0716574322
2021-08-30,0.4904884798963477,4707485.484607902
2021-08-31,0.5169133468104375,43018117.06730016
2021-09-01,0.5065017354814908,7402335.39386392
2021-09-02,0.5199030251608927,5977525.240628795
2021-09-03,0.513210517260172,5185912.194820175
2021-09-04,0.5175725812261714,5012339.701050708
2021-09-05,0.5344549807593939,5637588.957162065
2021-09-06,0.5681651315914668,8529145.685572071
2021-09-07,0.5589158894148452,7161021.569982917
2021-09-08,0.45774002589034507,6242881.1349090375
2021-09-09,0.4532231546170618,5013643.081844244
2021-09-10,0.4680362707870105,4805370.928368575
2021-09-11,0.4221337483276443,4693823.623488107
2021-09-12,0.4257206827843937,4335190.812568338
2021-09-13,0.4423142211285067,4390128.91495232
2021-09-14,0.43409813343747683,4535510.160519951
2021-09-15,0.4497156572265489,5154773.3805938335
2021-09-16,0.45514212934159626,4281583.535141185
2021-09-17,0.4435914085332799,4211353.744653458
2021-09-18,0.4233898340414882,4319943.775434269
2021-09-19,0.4326055346299118,3944944.505995992
2021-09-20,0.42060878913313354,4171055.5637587258
2021-09-21,0.35834337621806034,4647015.222983512
2021-09-22,0.33389139503647575,3991212.884034811
2021-09-23,0.38084141954630035,4614301.501125534
2021-09-24,0.38148577067904216,3472927.3730333378
2021-09-25,0.34649791436731897,4143399.240310651
2021-09-26,0.3420175581132741,3400181.8205706934
2021-09-27,0.3195361535673349,5008698.222960967
2021-09-28,0.31867224509859954,3575519.7011932763
2021-09-29,0.30292246330739736,2770188.8203242174
2021-09-30,0.2975434494309134,1893092.8876192581
2021-10-01,0.3501541506035567,3536595.1798040094
2021-10-02,0.352863257920506,3080434.306733309
2021-10-03,0.36513626225811896,2513394.056911079
2021-10-04,0.3878212641821738,3436355.99530336
2021-10-05,0.36936674171554407,2787307.0635714703
2021-10-06,0.3779656951639064,2949092.631948334
2021-10-07,0.37180083459993457,3410513.5280382372
2021-10-08,0.4029227850957118,4060223.172378985
2021-10-09,0.39915955813404275,2755918.0093493736
2021-10-10,0.40617542828550635,3127965.2772765257
2021-10-11,0.390838036475417,2471144.4067286127
2021-10-12,0.37956376397265135,3325188.9714683075
2021-10-13,0.36926177402742544,3396099.655403035
2021-10-14,0.3925036051306108,3042073.2347238595
2021-10-15,0.39243113750669356,2657521.8142283014
2021-10-16,0.40544103094173467,4108576.924106642
2021-10-17,0.41596620440275406,6192118.618636732
2021-10-18,0.408867795616604,3065042.979025511
2021-10-19,0.39875606063789915,3040201.097662984
2021-10-20,0.39750859471247063,3213679.562906037
2021-10-21,0.42252632302625465,3228216.130191196
2021-10-22,0.42424607826559296,3203581.7929949663
2021-10-23,0.45596460083314555,6738878.7993313465
2021-10-24,0.45763301553239394,11927873.983481279
2021-10-25,0.42882029141850797,5013951.963936028
2021-10-26,0.4552000710100387,4315443.836060552
2021-10-27,0.43731169735394765,3095882.5243762075
2021-10-28,0.39450579758411447,2573091.5576071623
2021-10-29,0.4187656415070466,3714448.8289828217
2021-10-30,0.4148979599499733,3121947.64115127
2021-10-31,0.41498314780279755,3390404.638278109
2021-11-01,0.41556132621718067,3895185.1780867227
2021-11-02,0.4110284377011419,3174448.6633380577
2021-11-03,0.4319251262056617,3213887.393730223
2021-11-04,0.4407158184217908,2580602.1535763294
2021-11-05,0.43572846133276694,1834899.429208252
2021-11-06,0.48089839636964954,6526546.230553403
2021-11-07,0.4836974609126786,8332094.750886928
2021-11-08,0.47725021372998655,3646820.832745006
2021-11-09,0.4637305049210707,4015294.8695943365
2021-11-10,0.573784045227944,9798566.520738168
2021-11-11,0.49359536661087394,5684246.065348638
2021-11-12,0.5296795255194563,3213769.496825003
2021-11-13,0.5123752393608136,3221811.934595525
2021-11-14,0.5323014128524804,2493179.514818426
2021-11-15,0.4985560537853852,17745512.091554932
2021-11-16,0.4968239904936128,4860315.561138698
2021-11-17,0.44053400068876514,3356368.5421015196
2021-11-18,0.4317204991046208,2688524.998390277
2021-11-19,0.38399854451735393,2107983.7738145576
2021-11-20,0.41467978000411077,2271266.05526971
2021-11-21,0.41266121328279054,2367239.6114556836
2021-11-22,0.4378423096299008,3074539.6623912654
2021-11-23,0.4115320208342275,2758544.9059552606
2021-11-24,0.41063253110264974,2262978.366530153
2021-11-25,0.40666685085073523,2486876.127702208
2021-11-26,0.468708613196263,6627946.011758177
2021-11-27,0.4082093295938238,3640759.251449184
2021-11-28,0.424275404736031,3022719.5383509384
2021-11-29,0.4139867503992605,2876962.70309857
2021-11-30,0.4485040456923028,4806546.039944153
2021-12-01,0.43001478664929593,2932844.5770095824
2021-12-02,0.4412530184785959,2846295.3350326754
2021-12-03,0.5345076411340508,26095746.64134411
2021-12-04,0.5335977288509614,35866884.32267495
2021-12-05,0.4224029728470194,8049673.18332579
2021-12-06,0.3903365503039122,4610152.291545673
2021-12-07,0.39443382701417967,4340908.44459439
2021-12-08,0.38257464273182235,3011164.1848480166
2021-12-09,0.3898017682493528,2977735.2534851776
2021-12-10,0.35697675459949935,2657849.7726361845
2021-12-11,0.3446508582018193,3044038.8772725267
2021-12-12,0.35061265049956847,2408669.5826751296
2021-12-13,0.36450430361785385,3465836.6281156153
2021-12-14,0.3382420438522214,5446565.857359494
2021-12-15,0.34074031432499424,3100427.064237498
2021-12-16,0.3467196293861716,2661888.8399199047
2021-12-17,0.3315691918899815,2539820.6166894604
2021-12-18,0.34262406004861895,3503396.134465742
2021-12-19,0.33305061552877313,2212800.362148928
2021-12-20,0.32647590515034947,2338430.475583114
2021-12-21,0.32277977399038327,2437954.2917758175
2021-12-22,0.331962397432444,2148396.0509089297
2021-12-23,0.33418425762298476,2193586.43986524
2021-12-24,0.34770249150964944,2382705.3344113682
2021-12-25,0.34744212974343314,2082955.845230742
2021-12-26,0.34925059299565014,1883940.9325815837
2021-12-27,0.36594037867443424,2753141.7448610025
2021-12-28,0.3750093499435688,1799957.867531715
2021-12-29,0.3319391445433532,2292427.964391774
2021-12-30,0.3263961523959064,2074736.003675804
2021-12-31,0.35090868888005367,2456914.2171734828
2022-01-01,0.3412549989772772,2179228.023150452
2022-01-02,0.3534897951483998,1646791.6009814092
2022-01-03,0.3566065421118376,2385651.017990107
2022-01-04,0.3364020386968889,2477111.1783228214
2022-01-05,0.33488867230568886,2063311.9078198546
2022-01-06,0.30936348996981194,2204030.636411533
2022-01-07,0.3089299191733123,1891042.6297040223
2022-01-08,0.2998084456187289,1975187.4081106398
2022-01-09,0.2905524326192548,1851012.6907194464
2022-01-10,0.29312533188559875,1933834.3989642933
2022-01-11,0.2801311182933742,1886979.5106882912
2022-01-12,0.2839971165118331,2107194.36421268
2022-01-13,0.2981282443544427,1749947.389081078
2022-01-14,0.28671015598624333,1927273.7050528931
2022-01-15,0.29263274323958166,2027515.371479879
2022-01-16,0.291867927342606,1686284.7986729671
2022-01-17,0.29712980708696496,1441751.4538714685
2022-01-18,0.2835354326819212,1385082.5586722246
2022-01-19,0.27697705870517453,1415860.748979834
2022-01-20,0.2740125085444046,1497312.695654601
2022-01-21,0.25958545947053985,1565970.0060518296
2022-01-22,0.225985723876797,1833373.5244882107
2022-01-23,0.20368030822836394,2059686.0411994653
2022-01-24,0.219260511873198,1584462.7346740686
2022-01-25,0.21409873293575363,2471449.3639818886
2022-01-26,0.22129245565322558,2388320.377321042
2022-01-27,0.2223802753034357,2695593.471295386
2022-01-28,0.22332061907555548,2384667.6493882537
2022-01-29,0.24170939612835685,2961605.9661215693
2022-01-30,0.24455272582896678,2253689.6769503336
2022-01-31,0.24633240811226123,2260457.6820582687
2022-02-01,0.25068114712754974,2137195.4561490733
2022-02-02,0.23522298498563968,4600923.415267154
2022-02-03,0.22513573093040207,2245665.386044889
2022-02-04,0.22742263359655907,2159641.420039162
2022-02-05,0.24046840925404345,1968652.687037461
2022-02-06,0.24562447358727282,2146406.6289429124
2022-02-07,0.24927497716839575,2244401.7675266126
2022-02-08,0.26064796758718595,2761664.7802180047
2022-02-09,0.25460453361690827,2409762.895342325
2022-02-10,0.25907058035317,2110901.1847224585
2022-02-11,0.2475074205783943,2587421.065657631
2022-02-12,0.23360216893986993,2194387.580960125
2022-02-13,0.23217628283510275,2329533.467264151
2022-02-14,0.22851151314168938,1952642.4775746653
2022-02-15,0.22714351623848472,2386804.056626458
2022-02-16,0.24326870428115613,2659370.059228185
2022-02-17,0.23922108237988093,2458776.7678008475
2022-02-18,0.21832385429965667,2141518.1132392567
2022-02-19,0.21506634394420385,2385741.0175259216
2022-02-20,0.21075547580528808,2155574.1831838856
2022-02-21,0.19855455102018102,1862272.971442708
2022-02-22,0.19122788621990294,2244364.9350143364
2022-02-23,0.19055765235468958,2078599.4799448776
2022-02-24,0.19108502136597091,2055075.027294275
2022-02-25,0.17982509262977617,2268011.790043181
2022-02-26,0.19243843925645568,2551158.03410632
2022-02-27,0.1906327564419951,1913443.8786604346
2022-02-28,0.18270409214344674,1858287.400764368
2022-03-01,0.20419234113981632,1592037.9545859904
2022-03-02,0.20916353863023657,1936667.5806869613
2022-03-03,0.19894401322284452,2038515.9363414731
2022-03-04,0.19428752544284955,2100996.95222072
2022-03-05,0.18013617618286162,1911862.9064600323
2022-03-06,0.18653247420823954,1976328.8451052255
2022-03-07,0.19033254820942794,5174232.987854236
2022-03-08,0.17561244843952015,2508282.5519815437
2022-03-09,0.1776158861558939,1724428.5915809134
2022-03-10,0.18204625010399683,1903577.9165255935
2022-03-11,0.1925460574641609,2637458.310623803
2022-03-12,0.20431177452516508,6365583.350490831
2022-03-13,0.19781403382809692,5522394.441912945
2022-03-14,0.19134552068210464,2366752.1435132814
2022-03-15,0.20884418623022713,3128358.3285312555
2022-03-16,0.20658177494199523,2713381.5291170063
2022-03-17,0.1980445615035998,2263657.2047082107
2022-03-18,0.19703302531102465,604942.9012830914
2022-03-19,0.20864441034153947,1897427.0301330457
2022-03-20,0.20695627384098325,2533092.3211713023
2022-03-21,0.20547615040627726,2065566.8146530471
2022-03-22,0.209844004932056,2176331.7151366496
2022-03-23,0.2166220690705308,9804776.804985512
2022-03-24,0.2135867713384426,2253329.405171885
2022-03-25,0.214666628314451,2329218.0554733626
2022-03-26,0.21251487698040708,2158913.1743046776
2022-03-27,0.2188262702850447,2245602.7748163408
2022-03-28,0.23102398441966543,2444112.4156808415
2022-03-29,0.23480805264389032,1957617.1035967253
2022-03-30,0.2349166348303197,1201638.1107599412
2022-03-31,0.24761997868244662,3820015.5222993824
2022-04-01,0.23962807541771464,2287813.149628768
2022-04-02,0.24953671733971972,1885179.041675991
2022-04-03,0.24985302277979565,1986566.2732969932
2022-04-04,0.2534595436954483,2089333.921728541
2022-04-05,0.24909542338322496,1924002.2333014559
2022-04-06,0.26753520610534465,3318211.2088525128
2022-04-07,0.23554514292558415,1490214.7128568196
2022-04-08,0.23742318337417936,781970.2218412571
2022-04-09,0.2251813953385788,888365.137464981
2022-04-10,0.22673814505543155,455491.68629051145
2022-04-11,0.22513579880152654,635201.7146347878
2022-04-12,0.1998577548644895,1315149.3524751316
2022-04-13,0.20389156453320859,2016878.953090716
2022-04-14,0.20778458400429808,1707491.8316289734
2022-04-15,0.2079957232527785,1706717.0112253886
2022-04-16,0.20813147038114105,1836016.7985038771
2022-04-17,0.20678017814020122,1433051.8255074508
2022-04-18,0.204440777098232,1746450.7016430702
2022-04-19,0.20716413507515444,880201.6828305258
2022-04-20,0.2101449341914291,809588.4392205583
2022-04-21,0.2074916802628267,891455.5924040829
2022-04-22,0.19883355029701788,1157199.6928818845
2022-04-23,0.20243707105631395,821791.031161375
2022-04-24,0.20102571009696785,451882.88488233805
2022-04-25,0.1995216480919337,557934.2199456205
2022-04-26,0.19578873516024325,773952.5560827798
2022-04-27,0.1862316039638337,877661.2178505561
2022-04-28,0.1865188530971323,641957.4977532432
2022-04-29,0.19254857058613675,586021.9920358866
2022-04-30,0.18687237978195043,526316.2077961601
2022-05-01,0.18029507106841844,640146.9890033399
2022-05-02,0.19047347949517177,678680.1997713405
2022-05-03,0.17512164536232855,6271880.984284169
2022-05-04,0.17725088936975503,1271897.364474486
2022-05-05,0.1834347619704771,1113760.8274449613
2022-05-06,0.16744345495261825,662318.5599956345
2022-05-07,0.16042439725900717,558130.1877080677
2022-05-08,0.15790951338823978,419104.9038014869
2022-05-09,0.1542239754151502,474425.4811559007
2022-05-10,0.1267293755664027,661969.7844263853
2022-05-11,0.12534762384804798,561073.3270033711
2022-05-12,0.08231439682771172,1111089.8852451968
2022-05-13,0.07006712360915224,936566.1455415643
2022-05-14,0.0789710424314236,460786.58740671974
2022-05-15,0.08255905614882417,396285.7202606428
2022-05-16,0.08956623317274515,339354.5345761316
2022-05-17,0.0866046837960967,350109.17540975893
2022-05-18,0.0996776955579876,766752.2205815973
2022-05-19,0.08840654324125917,645056.4297786746
2022-05-20,0.10031595614323843,1235254.970245968
2022-05-21,0.09637360799516721,389120.98468462704
2022-05-22,0.09819057687154485,379145.73857126426
2022-05-23,0.09639860985114497,335208.997256538
2022-05-24,0.0922564687473283,386065.9131916792
2022-05-25,0.09579169204327694,317747.9013357343
2022-05-26,0.09579310398170224,270346.4567065679
2022-05-27,0.0887528914111694,780612.4224969894
2022-05-28,0.0874973009505376,272189.3997675162
2022-05-29,0.08986934338510398,251936.86392838712
2022-05-30,0.09242575935900413,235396.30092097135
2022-05-31,0.09862910076457729,307428.6859761787
2022-06-01,0.09759260530904992,279283.20883167785
2022-06-02,0.09121891421635174,493790.0745837146
2022-06-03,0.09355745167351771,275877.1268555788
2022-06-04,0.09025022395566755,230755.3803977171
2022-06-05,0.09224204291993247,444971.82544570527
2022-06-06,0.09189419696676566,286460.30868292676
2022-06-07,0.09665323643515614,334792.52573651704
2022-06-08,0.09745647191164247,1610718.563830262
2022-06-09,0.09500848676970457,475779.1351199785
2022-06-10,0.09420150893903242,422898.09338457586
2022-06-11,0.08869386855885773,237210.44915488226
2022-06-12,0.08547603050832013,233842.0280563408
2022-06-13,0.07620965048377727,241971.12151611876
2022-06-14,0.06373012807666736,318992.2720610733
2022-06-15,0.06576651673495001,319153.60477197723
2022-06-16,0.06972764308567417,381375.637202383
2022-06-17,0.06415531041503215,460488.75154989306
2022-06-18,0.0672392017229157,324116.28104921995
2022-06-19,0.06043123119610134,275974.1651192654
2022-06-20,0.06709194127236376,264400.49083746807
2022-06-21,0.0663152720623714,202014.98205096554
2022-06-22,0.06709562742435529,234412.7855174783
2022-06-23,0.06403830056009967,300753.36858306854
2022-06-24,0.07176119769481472,361850.5992493135
2022-06-25,0.07165886664136088,341452.7609879024
2022-06-26,0.07118529817506788,167321.4320927613
2022-06-27,0.09196574173373623,3067348.020519426
2022-06-28,0.07934829835483755,2086993.9772050318
2022-06-29,0.07193475936040991,581791.907873844
2022-06-30,0.07305342021364299,669726.3332566537
2022-07-01,0.0743160295191641,756839.9688602455
2022-07-02,0.06164462272467927,2543818.949983461
2022-07-03,0.060461860348015296,1033829.4708052566
2022-07-04,0.05975932011138197,851473.6648614039
2022-07-05,0.05561850643906028,1575675.693543984
2022-07-06,0.05084950238385451,971762.3229160632
2022-07-07,0.050748937013773684,634655.7137140466
2022-07-08,0.051529732194949024,740601.390231014
2022-07-09,0.046167429149492636,363574.1770286344
2022-07-10,0.04784730927527219,227116.39122231503
2022-07-11,0.046990417168011375,188158.13269765401
2022-07-12,0.04371826009218856,126964.83812653774
2022-07-13,0.03891721104339882,175123.5355752848
2022-07-14,0.038725810561365405,249932.23070432062
2022-07-15,0.03754523477319718,321256.9944027049
2022-07-16,0.03655841618282879,159120.73303495537
2022-07-17,0.0373422940526878,108479.44592450213
2022-07-18,0.041075494308863106,350871.464284639
2022-07-19,0.03890111312985169,266051.5097171094
2022-07-20,0.040184122119006634,121537.67764133636
2022-07-21,0.038871457077862985,102871.01029320578
2022-07-22,0.03785703896151907,106696.82140245679
2022-07-23,0.03925925244808384,124964.47663208858
2022-07-24,0.03887404483709469,86072.80197706464
2022-07-25,0.041844974021590924,167781.00707301445
2022-07-26,0.037329132718169684,139189.84409620988
2022-07-27,0.037960748977315,174381.5611298799
2022-07-28,0.0394489281072437,183878.00621630417
2022-07-29,0.038681637719497945,165415.33311271103
2022-07-30,0.04136671723939231,155254.86097795967
2022-07-31,0.040895436180412484,144701.16091647523
2022-08-01,0.04388546298254993,214022.9498041643
2022-08-02,0.04162320077525141,151485.2550300524
2022-08-03,0.03911472813107172,134265.6367042655
2022-08-04,0.0394036025584479,135225.85303918237
2022-08-05,0.04071220421947055,156189.60155068396
2022-08-06,0.041674869985682005,628935.4039788202
2022-08-07,0.042735286462103034,166465.95108634868
2022-08-08,0.04483585388576884,196564.72524253547
2022-08-09,0.045984023791531,146377.37707707591
2022-08-10,0.043650442826899595,140331.75708733228
2022-08-11,0.0450804153614383,124301.20383032293
2022-08-12,0.04649699637768968,120903.5718236154
2022-08-13,0.046309789125166305,189187.46845706413
2022-08-14,0.04614631043731396,180855.9859077738
2022-08-15,0.04540871279927707,119931.09557408988
2022-08-16,0.04316857216990234,106632.13525155075
2022-08-17,0.04577424246630935,221476.67066532146
2022-08-18,0.04385244826966205,114012.24430092667
2022-08-19,0.0437548109564586,86687.4724653495
2022-08-20,0.04128954195701305,116573.93971973649
2022-08-21,0.04108006044508935,52618.81688801284
2022-08-22,0.04171685948208756,64596.49501534819
2022-08-23,0.04155323625752692,424766.1653173109
2022-08-24,0.0428923936274625,109933.09001946896
2022-08-25,0.042416137311252315,73957.82801610681
2022-08-26,0.042367145872077766,94017.40164844343
2022-08-27,0.0403018389495235,101690.38912963208
2022-08-28,0.03899669534571691,62994.37605548158
2022-08-29,0.03953575642230354,65701.76673965725
2022-08-30,0.03934094205846193,79108.72106656859
2022-08-31,0.03731482544038301,107783.3114976521
2022-09-01,0.041064493792822405,98857.200272014
2022-09-02,0.03942414158204243,183865.90776643492
2022-09-03,0.03914006172271029,83568.93304627584
2022-09-04,0.03973647659377013,61246.54420761388
2022-09-05,0.04051798135297829,92352.9887109037
2022-09-06,0.040545947005449105,99947.74789412798
2022-09-07,0.03787517753390566,131854.36877000588
2022-09-08,0.03886348862688768,101974.98235576796
2022-09-09,0.04109569317481441,115570.09285595323
2022-09-10,0.04368754812014391,158288.36982933816
2022-09-11,0.04320901174166428,141021.5528793898
2022-09-12,0.041817473294345764,100724.80570050821
2022-09-13,0.0426094572021314,106203.067771274
2022-09-14,0.040777340131194335,148732.66647656722
2022-09-15,0.04049410542596495,108618.9118225419
2022-09-16,0.039380922345795995,101892.59134119714
2022-09-17,0.03791725736098728,171595.58125610213
2022-09-18,0.038383545544785944,93855.91773883929
2022-09-19,0.035654649642388826,104349.6210815735
2022-09-20,0.03606015409511443,104359.18722565143
2022-09-21,0.03552456942948709,74077.92335043603
2022-09-22,0.03520764052694312,80073.07435983497
2022-09-23,0.03644046702383952,96164.35177316073
2022-09-24,0.03995118512456191,125776.38301124558
2022-09-25,0.036974708847440065,139219.9425904323
2022-09-26,0.03820871646206566,90608.25795189859
2022-09-27,0.03884865248483043,123807.30425519339
2022-09-28,0.0393115023559702,114171.63229377613
2022-09-29,0.03833984606539005,160305.84796933216
2022-09-30,0.038328890802445614,131667.37897199267
2022-10-01,0.038751834899875465,88914.9563700014
2022-10-02,0.04554803171432898,377147.4316385947
2022-10-03,0.040326268798165775,298391.21603345464
2022-10-04,0.038462394089538894,167855.88588001067
2022-10-05,0.04009848731211093,85626.01753264721
2022-10-06,0.04011560139585621,352038.6130084235
2022-10-07,0.03898926851055997,215919.34582770165
2022-10-08,0.039415642991774476,79924.04206717717
2022-10-09,0.03838639890113304,56565.38425587122
2022-10-10,0.03830667312741372,71154.5452134696
2022-10-11,0.037553774374295905,89961.51231629017
2022-10-12,0.03695632263256275,53849.88559709156
2022-10-13,0.03804507588647106,77809.17962469693
2022-10-14,0.03822709215445561,133718.76347053982
2022-10-15,0.03800694684104945,98792.61154004298
2022-10-16,0.037645054379843106,107000.30281821606
2022-10-17,0.03965855380518639,95110.57481148173
2022-10-18,0.03876909327093707,103695.35343493083
2022-10-19,0.03802383149418773,98210.63828311788
2022-10-20,0.03736687199588125,65710.18428441689
2022-10-21,0.03644988402257375,56075.18716013104
2022-10-22,0.03582898836382748,58737.63883446628
2022-10-23,0.03572141444719861,97925.52028356057
2022-10-24,0.03614820583108944,154004.73152037172
2022-10-25,0.034902967759693676,107640.78734824769
2022-10-26,0.03368870626776888,162701.83478045955
2022-10-27,0.03352479962125797,122788.07453334548
2022-10-28,0.03200737960479334,94622.58006187007
2022-10-29,0.03221677381719039,157027.68279583377
2022-10-30,0.0323146290290123,122369.95857503722
2022-10-31,0.03190229707224361,93059.68622844663
2022-11-01,0.03187023453456682,95466.22808549207
2022-11-02,0.031152619244370336,74427.0343537852
2022-11-03,0.03025504429255386,130336.34522648672
2022-11-04,0.031059868760173984,100414.58585203113
2022-11-05,0.031772758508181814,87208.46130103144
2022-11-06,0.03213584847342295,85549.85839926322
2022-11-07,0.030882868291264923,84525.06343694312
2022-11-08,0.03114117328352979,66450.4441863174
2022-11-09,0.02547747534937416,142097.8539967895
2022-11-10,0.020189428177827082,211776.1835915748
2022-11-11,0.022797308250438245,100004.7606348272
2022-11-12,0.023774369939650278,67841.47594876515
2022-11-13,0.024500383854577236,77088.51127768356
2022-11-14,0.024755728538126152,85516.08506941656
2022-11-15,0.02391859508935905,52512.84262074868
2022-11-16,0.024850971732555068,48570.69803178329
2022-11-17,0.024665997493121195,71745.80130502289
2022-11-18,0.0249749526630812,55587.161667746645
2022-11-19,0.025902707559061964,67884.30678908445
2022-11-20,0.02516313994739574,65291.29682756157
2022-11-21,0.025332927479889016,66794.6614135895
2022-11-22,0.023385466942990273,148121.60228368276
2022-11-23,0.023757240558597487,81820.07480738164
2022-11-24,0.023789940605925354,43060.05672709361
2022-11-25,0.024266028390503118,48311.702576995944
2022-11-26,0.024682757650288503,44204.073477005186
2022-11-27,0.024895964132491677,46592.524541552746
2022-11-28,0.024937274212527154,34107.74285882239
2022-11-29,0.023559052841283828,44475.19195862093
2022-11-30,0.02362898338717333,33038.775138972785
2022-12-01,0.024660695745807343,37514.21030654783
2022-12-02,0.024238698411885622,30074.159500862148
2022-12-03,0.025248091556387752,96751.28927440275
2022-12-04,0.024496780029842027,35317.76119727027
2022-12-05,0.024777143747734303,23855.437675173136
2022-12-06,0.024535792932321023,22318.027002157287
2022-12-07,0.024382230398923153,29019.500420359724
2022-12-08,0.024162221153399263,21849.277860147817
2022-12-09,0.02258427707676357,35044.620036961205
2022-12-10,0.023817484094016142,37877.691924166335
2022-12-11,0.024283707283482104,13734.375938271189
2022-12-12,0.024374527068423225,140388.3555073654
2022-12-13,0.02406937470016645,29633.095108966147
2022-12-14,0.027453462375040955,817349.0734970313
2022-12-15,0.026251081498258756,221986.7083426487
2022-12-16,0.024795714245351003,49877.030636185074
2022-12-17,0.024109462176678118,47449.32264923813
2022-12-18,0.024510625855350576,29909.574354874276
2022-12-19,0.024429011654534562,19374.556694442446
2022-12-20,0.0233055943946386,28023.634653745994
2022-12-21,0.023659702901990386,13348.56681025728
2022-12-22,0.024078802263993546,13267.217290515488
2022-12-23,0.023534411679633268,32622.729364070106
2022-12-24,0.023916189355551967,24625.50716235241
2022-12-25,0.025848025565177127,65168.34532632263
2022-12-26,0.02558827519563236,93034.91092683369
2022-12-27,0.02480793646450501,41241.12977898008
2022-12-28,0.02478184969549955,40439.10321504187
2022-12-29,0.02357451746672084,39215.234706290285
2022-12-30,0.023492387446269813,34819.63762023043
2022-12-31,0.023975678908550284,36023.02949104889
2023-01-01,0.023190416709613335,42455.351602400944
2023-01-02,0.023636493896246297,36541.0691778517
2023-01-03,0.024221726006571857,33798.22457775513
2023-01-04,0.024572265925473447,33975.09917889368
2023-01-05,0.02460386492219949,40723.61765414777
2023-01-06,0.024737003244903386,43533.78803950935
2023-01-07,0.023923787960345697,52757.78403436749
2023-01-08,0.02510712318244017,40007.02028497737
2023-01-09,0.02757048176899587,86168.74850445466
2023-01-10,0.0281232600122181,125890.04626597953
2023-01-11,0.02699271654828639,37060.40224142863
2023-01-12,0.026740961816313077,45426.33757987938
2023-01-13,0.027356968255709498,299643.8658565916
2023-01-14,0.0309944595420485,103899.10266644158
2023-01-15,0.04607981946429696,787657.4984268545
2023-01-16,0.03703744249136722,363144.99935266684
2023-01-17,0.029953635650793956,441409.32423981617
2023-01-18,0.02836646477925251,96362.4902409
2023-01-19,0.027062804743359686,78115.29033315269
2023-01-20,0.028025636355323996,47630.94110545719
2023-01-21,0.02875232532189204,64180.76524325926
2023-01-22,0.02717465475054483,58545.77782274031
2023-01-23,0.027932851805330727,39803.52651608863
2023-01-24,0.02773825523980093,29621.089928043883
2023-01-25,0.0279924828937232,45344.85662397124
2023-01-26,0.02923252593587313,55334.44612005696
2023-01-27,0.028412990574307347,58924.07659809023
2023-01-28,0.02915703756109153,26467.4297675509
2023-01-29,0.029006157691254957,28229.79405504005
2023-01-30,0.029253795992130932,43793.5265055583
2023-01-31,0.028636241816047625,42448.142061945044
2023-02-01,0.02848852722170141,25507.474650300832
2023-02-02,0.02871529229516765,29375.64360989621
2023-02-03,0.031292666777202806,54624.02939213895
2023-02-04,0.032090260306078776,133633.99483970972
2023-02-05,0.03240003856613434,46448.20944274543
2023-02-06,0.030866368302764097,33188.17947710062
2023-02-07,0.03232325245178095,38144.94946890167
2023-02-08,0.03599774842268382,97570.44584036
2023-02-09,0.03501516719680869,78604.91513308829
2023-02-10,0.030827856780048058,69841.9378963396
2023-02-11,0.03373780535726302,54968.064151965984
2023-02-12,0.03342020359296319,50546.3512619955
2023-02-13,0.03452243218661842,67271.83316000646
2023-02-14,0.03402141190344798,84513.43929881931
2023-02-15,0.03434424180010661,64615.32970700837
2023-02-16,0.03524097991983248,41529.38516034251
2023-02-17,0.035131147153250185,59584.61039856867
2023-02-18,0.03464516758399427,68958.41917173997
2023-02-19,0.03737481259726553,59587.90295554454
2023-02-20,0.03961627589772586,108492.29022111313
2023-02-21,0.040724441581842775,169127.43804547854
2023-02-22,0.03931958648521404,142342.4869001131
2023-02-23,0.03729275432994566,54414.048511173176
2023-02-24,0.03861500825791715,49410.30680379767
2023-02-25,0.03706499443910473,45567.392460411094
2023-02-26,0.03768383730509505,47917.15324324162
2023-02-27,0.03689047233783192,34826.19356778415
2023-02-28,0.03596734227582464,35075.78189588148
2023-03-01,0.03449320085231365,61289.61608193875
2023-03-02,0.03566150338066105,39862.1768317932
2023-03-03,0.03461806172299903,41739.60404569637
2023-03-04,0.032667927660353945,91913.40328174223
2023-03-05,0.030884929970276146,90032.03155887841
2023-03-06,0.03145318732100062,97636.02573009802
2023-03-07,0.030508585714081084,53433.075886258426
2023-03-08,0.029962762575365544,45090.79227893823
2023-03-09,0.02879941509591696,63581.406189828806
2023-03-10,0.026248684795012536,54136.95638533221
2023-03-11,0.025175697648668695,43421.11284896853
2023-03-12,0.02569026573342493,43756.33642109499
2023-03-13,0.027406288343760812,34344.215452725475
2023-03-14,0.028981834065065496,65055.066714038636
2023-03-15,0.030546674839343906,42180.73891992868
2023-03-16,0.02807497919858785,44261.391827343556
2023-03-17,0.029134561377272435,43689.696023409924
2023-03-18,0.029162969539593134,42397.076462104706
2023-03-19,0.029770638313836716,47179.55475882665
2023-03-20,0.03174177298187728,40318.096200456406
2023-03-21,0.028121100066049946,47177.07538106935
2023-03-22,0.028641654335592216,34539.30623047169
2023-03-23,0.02557545082787792,110985.1844243588
2023-03-24,0.026677175406282398,64847.50211848808
2023-03-25,0.026875398353739095,63489.96688344787
2023-03-26,0.027093543798909075,49808.964230107114
2023-03-27,0.02733432194831966,25671.198059119808
2023-03-28,0.025297905914208153,41200.607557894924
2023-03-29,0.025611665019392025,27705.342064098535
2023-03-30,0.02641296938998164,33201.62871211892
2023-03-31,0.024609487070443376,58698.386875126664
2023-04-01,0.02496582324105206,52389.82486203388
2023-04-02,0.02509776993582991,42497.95831557122
2023-04-03,0.025788051296534366,29216.954466791496
2023-04-04,0.02560540171545356,40865.49824458311
2023-04-05,0.025723706693820843,29641.135143975447
2023-04-06,0.025433919953350616,39321.807764435
2023-04-07,0.017215838840379426,394124.28164985403
2023-04-08,0.015854141329892595,123647.24215649263
2023-04-09,0.016210918554881052,58329.56198882794
2023-04-10,0.01603069969065229,47696.561417581885
2023-04-11,0.014884225215056264,52661.3789171852
2023-04-12,0.014457911747403018,54471.59307183576
2023-04-13,0.012456523022756842,51841.788657177545
2023-04-14,0.012321276400312473,34314.444048929014
2023-04-15,0.01273394503886873,32970.97671032163
2023-04-16,0.013472314233544336,25094.876722052337
2023-04-17,0.013376444356809224,23334.03218251478
2023-04-18,0.013012767879361682,23224.774590744542
2023-04-19,0.013403076934210953,17888.765428438943
2023-04-20,0.012357218142627184,18090.25261013516
2023-04-21,0.01382361092970031,41036.53172417139
2023-04-22,0.012937339298345745,22385.332163214913
2023-04-23,0.01406531005787379,23441.309375393368
2023-04-24,0.013725944862437374,13428.308595513343
2023-04-25,0.013139459840590962,17822.80817613613
2023-04-26,0.012823504845176205,17398.696312308948
2023-04-27,0.012446823221441436,22132.534558634172
2023-04-28,0.01281081861602793,19699.386315893054
2023-04-29,0.012985185161003322,17375.141284977115
2023-04-30,0.012782495264514061,20898.213430243974
2023-05-01,0.012203893721061888,29096.31312120622
2023-05-02,0.011550015956481011,19989.92565216892
2023-05-03,0.01275749940376176,30619.202238155547
2023-05-04,0.012182737003573245,20843.50216570667
2023-05-05,0.012013344345126228,19611.44339548291
2023-05-06,0.012117468405563513,17715.830504070884
2023-05-07,0.011877903161434281,18777.027532525317
2023-05-08,0.011903061550188745,16358.090708663762
2023-05-09,0.0119931012934306,18853.040343975405
2023-05-10,0.011496573309856307,20275.69709945316
2023-05-11,0.011107476089976386,16876.274294963125
2023-05-12,0.010900325553381,17212.183902157947
2023-05-13,0.011199842033110984,11499.331897752787
2023-05-14,0.011186741820084433,11924.607594744231
2023-05-15,0.012421594589925157,14769.906781670232
2023-05-16,0.011794407096148072,13643.687524263269
2023-05-17,0.010854811714979342,14858.429925015673
2023-05-18,0.011563802497082436,44995.56678170119
2023-05-19,0.011267992661784763,25898.053623713
2023-05-20,0.011076509822399053,13374.283650166257
2023-05-21,0.011324906082918739,13319.422613630164
2023-05-22,0.011355548918320347,11588.078616419003
2023-05-23,0.010976392373607556,12373.041306289986
2023-05-24,0.011292519442437924,11532.23691582685
2023-05-25,0.011652082650732313,14206.837851122855
2023-05-26,0.011153001905018153,12607.42007419318
2023-05-27,0.011302570912104229,12895.638784818599
2023-05-28,0.011269871308937335,12694.86559252108
2023-05-29,0.01125521813303353,10257.153046188469
2023-05-30,0.0113525696612258,13195.825275925328
2023-05-31,0.011554944340327965,12615.736643141434
2023-06-01,0.011914125381601142,14081.383762771291
2023-06-02,0.011552730228148086,11631.287700928522
2023-06-03,0.011732834928181902,12757.229350619931
2023-06-04,0.011795435502909552,10779.803101269092
2023-06-05,0.012235493319430244,13063.059808645976
2023-06-06,0.011814471380317153,14347.580905183746
2023-06-07,0.011197653812379298,13501.132381371048
2023-06-08,0.009867237404693845,24125.060537810346
2023-06-09,0.009614694123274415,15168.112208896899
2023-06-10,0.009335903256871912,14059.916629280528
2023-06-11,0.008366741042752236,16165.45842440167
2023-06-12,0.008524947454922419,13532.134730606114
2023-06-13,0.0087859883937848,13254.280882044568
2023-06-14,0.008854706839363595,12024.282733325537
2023-06-15,0.008371440597989372,12337.931701115487
2023-06-16,0.00923552904035925,13411.120682175913
2023-06-17,0.008641373949676012,13637.42552953339
2023-06-18,0.008618060450088456,12843.426469203021
2023-06-19,0.00830096046245728,11742.582909561806
2023-06-20,0.008490135399087995,11703.278583257486
2023-06-21,0.008363180208222512,13819.86046178064
2023-06-22,0.009261472055944133,15904.037677997096
2023-06-23,0.008626772185371466,13292.468804569684
2023-06-24,0.008572200474441108,14780.240237650672
2023-06-25,0.009042061158098955,13250.973560004639
2023-06-26,0.009301176611423134,13222.6491464445
2023-06-27,0.009080005577604097,12730.645532622895
2023-06-28,0.009357308222923515,13075.956366778975
2023-06-29,0.008715654770338931,12780.053742186585
2023-06-30,0.008733922841431612,12927.631890289755
2023-07-01,0.009207890568425511,13845.714846522267
2023-07-02,0.008993235172699274,14341.295778233041
2023-07-03,0.009018401730392558,12417.629026948316
2023-07-04,0.008974693437337108,17739.136555113124
2023-07-05,0.008930410113425769,11016.382607107293
2023-07-06,0.008882203229311813,13540.837868932787
2023-07-07,0.008935952913691786,11909.192761561373
2023-07-08,0.009052067273411563,8873.853259688318
2023-07-09,0.008773587814950532,9952.319000041283
2023-07-10,0.008747057859943709,14388.862164261518
2023-07-11,0.0086088770950234,10779.534691843679
2023-07-12,0.008896590523339774,11764.505668528547
2023-07-13,0.008537045915924328,11500.394752067641
2023-07-14,0.008519581646314127,14171.712940724961
2023-07-15,0.008897608918539208,12577.296003143036
2023-07-16,0.008868666581880754,10701.853851265047
2023-07-17,0.008851020330850716,11190.81538413908
2023-07-18,0.008543161682052589,11500.371011853269
2023-07-18,0.008582980863325568,12510.183238665968
