date,t,cp_location,cp_location_norm,cp_score
2018-01-01,30,4.20333024550037,0.8598889918166545,0.8913321722087814
2018-01-02,31,3.69623897810606,0.9101253673964647,0.9373253026327182
2018-01-03,32,2.00004989026863,0.9999983369910457,0.9772782120491436
2018-01-04,33,20.543235208203953,0.4152254930598682,0.9553955929400512
2018-01-05,34,27.11326857764728,0.22955771407842404,0.971189013188668
2018-01-06,35,26.89047955905602,0.27031734803146606,0.9850584406731083
2018-01-07,36,27.063999398229246,0.2978666867256918,0.9934191521397993
2018-01-08,37,27.3265353399446,0.3224488220018467,0.9917415577110823
2018-01-09,38,27.225329215462875,0.35915569281790416,0.9953452859698584
2018-01-10,39,26.589921180121877,0.41366929399593744,0.9969132324287737
2018-01-11,40,20.30835696392429,0.6563881012025237,0.9518323974511608
2018-01-12,41,26.720529638433412,0.47598234538555295,0.9628782572769568
2018-01-13,42,26.379073401364025,0.5206975532878658,0.977250135008659
2018-01-14,43,25.652066234620797,0.5782644588459734,0.9851259006320795
2018-01-15,44,25.088466283025475,0.6303844572324842,0.988822659318087
2018-01-16,45,18.97846972415259,0.867384342528247,0.9943133480368924
2018-01-17,46,18.935420725417423,0.902152642486086,0.9980198913854973
2018-01-18,47,18.941261194508147,0.9352912935163951,0.9973993364404335
2018-01-19,48,18.000019578755314,0.9999993473748229,0.9980118625538968
2018-01-20,49,36.258574079223834,0.4247141973592055,0.935451237022445
2018-01-21,50,36.25418718258513,0.45819376058049577,0.9398068908879819
2018-01-22,51,36.13930710251709,0.49535642991609713,0.9486039314916118
2018-01-23,52,36.000715947578364,0.5333094684140546,0.9223903977590884
2018-01-24,53,36.1018181727994,0.5632727275733534,0.925825264312772
2018-01-25,54,36.06938352048938,0.5976872159836872,0.9251620979411426
2018-01-26,55,44.04321335898522,0.3652262213671593,0.9654715620520163
2018-01-27,56,44.02660830036305,0.399113056654565,0.9134108181167158
2018-01-28,57,44.03399677666006,0.43220010744466464,0.9122946728267506
2018-01-29,58,44.02802099987295,0.4657326333375683,0.9053140108715645
2018-01-30,59,44.02456428296664,0.49918119056777877,0.8857712938788336
2018-01-31,60,36.043872606766726,0.7985375797744425,0.8330260983879212
2018-02-01,61,46.01489662028406,0.49950344599053126,0.5746276689947776
2018-02-02,62,35.79933994166041,0.8733553352779863,0.947955105556174
2018-02-03,63,54.420991037998995,0.2859669654000335,0.8894800393538506
2018-02-04,64,53.53763211342725,0.3487455962190917,0.901558257252157
2018-02-05,65,53.87322196994161,0.3708926010019463,0.908738514167402
2018-02-06,66,58.856771110266465,0.2381076296577845,0.9217881362385832
2018-02-07,67,57.862311616319516,0.30458961278934943,0.9262451536389268
2018-02-08,68,56.489237164535865,0.38369209451547115,0.8838323167500881
2018-02-09,69,55.67043146703146,0.44431895109895125,0.8634942228862118
2018-02-10,70,54.45292433269467,0.5182358555768443,0.8749000395768736
2018-02-11,71,54.31673753295729,0.5561087489014237,0.94547378343037
2018-02-12,72,58.412398364415466,0.45292005451948447,0.9262838017329038
2018-02-13,73,53.88651638510777,0.6371161204964078,0.9373013466156235
2018-02-14,74,53.50700082324438,0.6830999725585206,0.9431294459236128
2018-02-15,75,53.95537007803358,0.7014876640655473,0.7939082125897391
2018-02-16,76,59.0285702916798,0.5657143236106734,0.6875111986441951
2018-02-17,77,63.94463983326751,0.43517867222441636,0.6089643872182305
2018-02-18,78,64.33345066326007,0.4555516445579978,0.538084698883408
2018-02-19,79,59.36243135974058,0.6545856213419806,0.8521675850948568
2018-02-20,80,64.37228117681339,0.520923960772887,0.606200840636112
2018-02-21,81,68.95193548357494,0.4016021505475019,0.6357417668301617
2018-02-22,82,74.00994273977497,0.26633524200750097,0.6409428830309303
2018-02-23,83,70.73238276681376,0.40892057443954144,0.6509377274822931
2018-02-24,84,67.9725193856134,0.5342493538128869,0.5984629465826999
2018-02-25,85,67.97974928582269,0.567341690472577,0.6191813049820102
2018-02-26,86,67.99446270804597,0.6001845763984676,0.6563567113995018
2018-02-27,87,67.98407568477496,0.6338641438408346,0.6920984131431243
2018-02-28,88,67.99960105612536,0.6666799647958215,0.7281669459044873
2018-03-01,89,67.99497144426161,0.7001676185246131,0.7455939560698439
2018-03-02,90,82.9823507618595,0.23392164127135023,0.9062843483189508
2018-03-03,91,82.92022609041514,0.26932579698616194,0.9449417399301226
2018-03-04,92,75.99760331529083,0.5334132228236389,0.8076923655544073
2018-03-05,93,75.73605917188874,0.5754646942703753,0.7381931331293747
2018-03-06,94,75.7126893359451,0.6095770221351633,0.7981090588787249
2018-03-07,95,67.01888360643609,0.9327038797854637,0.8582307602469751
2018-03-08,96,75.75597165778895,0.6748009447403684,0.8476477895474063
2018-03-09,97,82.98415289677051,0.46719490344098297,0.7476950271697469
2018-03-10,98,82.96108091730586,0.5012973027564712,0.755065727327389
2018-03-11,99,82.99623865502606,0.5334587114991313,0.7567328559551387
2018-03-12,100,82.9940637387102,0.5668645420429935,0.7225843357897022
2018-03-13,101,82.99061705767191,0.6003127647442696,0.7304581616068102
2018-03-14,102,82.99117030314054,0.6336276565619822,0.7876405747207469
2018-03-15,103,75.97108711491991,0.900963762836003,0.8657577556543988
2018-03-16,104,82.98039986981851,0.7006533376727162,0.8066407473546631
2018-03-17,105,75.00000012784338,0.999999995738554,0.9568317466515737
2018-03-18,106,91.01131792893543,0.49962273570215243,0.6226757236101912
2018-03-19,107,82.97761491431375,0.8007461695228751,0.5958405220908911
2018-03-20,108,94.60658528874914,0.4464471570416952,0.623241973419393
2018-03-21,109,93.03244093795328,0.5322519687348906,0.5667070557667606
2018-03-22,110,93.05068151278216,0.5649772829072612,0.5817016326083215
2018-03-23,111,97.1718090341553,0.46093969886148994,0.5979562929994703
2018-03-24,112,82.0,1.0,nan
2018-03-25,113,111.0994354503223,0.06335215165592321,0.9999999993150904
2018-03-26,114,111.09454701584755,0.09684843280508157,0.9999999979561803
2018-03-27,115,111.06017247991119,0.1313275840029604,0.9999999939216002
2018-03-28,116,111.02444597504214,0.16585180083192863,0.9999999836640485
2018-03-29,117,111.02659877708966,0.19911337409701133,0.9999999674725916
2018-03-30,118,111.06675963271914,0.2311080122426953,0.9999999235202609
2018-03-31,119,111.03066815368933,0.26564439487702224,0.9999997430403484
2018-04-01,120,111.03107931504303,0.298964022831899,0.9999991855850847
2018-04-02,121,111.01136632938527,0.3329544556871577,0.999997993409261
2018-04-03,122,111.02241068569863,0.36591964381004566,0.9999931391676385
2018-04-04,123,111.00601194119113,0.39979960196029557,0.9999951563340383
2018-04-05,124,111.01203369286985,0.4329322102376717,0.9999949056156447
2018-04-06,125,111.0115107412069,0.46628297529310314,0.999984884254478
2018-04-07,126,111.00532806177094,0.4998223979409687,0.9999515577484032
2018-04-08,127,112.52019682155779,0.4826601059480737,0.9963113851368272
2018-04-09,128,122.6139425153412,0.1795352494886269,0.9662974680631288
2018-04-10,129,112.47810795549641,0.5507297348167862,0.9987213619132675
2018-04-11,130,122.29209670127605,0.25693010995746496,0.9871176072481967
2018-04-12,131,112.50768614119374,0.6164104619602085,0.9996924004303409
2018-04-13,132,112.36514238923539,0.6544952536921538,0.9998126634700668
2018-04-14,133,112.52031263038414,0.682656245653862,0.9999515500439522
2018-04-15,134,112.6945061653036,0.7101831278232136,0.9999683452777999
2018-04-16,135,120.5151835423385,0.48282721525538314,0.9996746880829936
2018-04-17,136,119.08579430486031,0.5638068565046562,0.9997712596611442
2018-04-18,137,112.64447302834498,0.8118508990551675,0.9999939492506605
2018-04-19,138,114.31617325342857,0.7894608915523809,0.9999810384402605
2018-04-20,139,109.00000012983426,0.9999999956721912,0.9999965210417598
2018-04-21,140,110.0,1.0,0.9999994637463331
2018-04-22,141,111.00000000000003,0.999999999999999,0.9999999224625258
2018-04-23,142,112.0,1.0,0.9999999585519957
2018-04-24,143,124.98479115077585,0.6005069616408051,0.7984491451635684
2018-04-25,144,124.99466589249074,0.6335111369169752,0.8639495345747533
2018-04-26,145,124.98830659684533,0.6670564467718222,0.8398053728605295
2018-04-27,146,124.67206629854694,0.7109311233817688,0.8540240149747678
2018-04-28,147,124.99173226362736,0.7336089245457548,0.791740154031399
2018-04-29,148,124.97652698316286,0.7674491005612382,0.848036344293456
2018-04-30,149,124.96131673760809,0.8012894420797304,0.825307772345304
2018-05-01,150,124.99419570362288,0.8335268098792373,0.8879056433489738
2018-05-02,151,124.98683769442647,0.8671054101857844,0.7169779579630949
2018-05-03,152,141.02943797271513,0.3656854009094957,0.6413568549432804
2018-05-04,153,144.02582342994282,0.29913921900190604,0.730228967804724
2018-05-05,154,144.04661638532025,0.3317794538226584,0.7079309384799387
2018-05-06,155,140.89533937268513,0.47015535424382904,0.8502675698437112
2018-05-07,156,141.03823435199746,0.49872552160008465,0.8373256958342636
2018-05-08,157,141.020386528541,0.5326537823819668,0.8395578237440854
2018-05-09,158,141.02071092257933,0.5659763025806891,0.7889989719464504
2018-05-10,159,141.01676344369554,0.5994412185434821,0.7672077028288105
2018-05-11,160,141.01463196366024,0.6328456012113255,0.7632100844945011
2018-05-12,161,141.30587235494752,0.6564709215017491,0.748483390298718
2018-05-13,162,151.33343852365542,0.3555520492114861,0.5872136596284732
2018-05-14,163,151.3212420615393,0.3892919312820235,0.6007900146622587
2018-05-15,164,151.30197895192808,0.4232673682690641,0.5658818120592779
2018-05-16,165,151.01133038345336,0.4662889872182215,0.6027143377724862
2018-05-17,166,151.3172890583464,0.48942369805511987,0.5945252326858559
2018-05-18,167,151.01182854535773,0.5329390484880757,0.6927399243338777
2018-05-19,168,165.01713646679164,0.09942878444027864,0.711141952917258
2018-05-20,169,159.65265242165404,0.311578252611532,0.7089699931453481
2018-05-21,170,154.99194412576927,0.5002685291410245,0.6505365363384898
2018-05-22,171,154.07444991926195,0.5641850026912683,0.6604838568757876
2018-05-23,172,154.0139032353808,0.5995365588206397,0.7024503147257158
2018-05-24,173,153.9758678921174,0.6341377369294198,0.7209187768230236
2018-05-25,174,154.05149370040638,0.6649502099864539,0.6974218604516433
2018-05-26,175,154.0177953674546,0.6994068210848468,0.7339270791848657
2018-05-27,176,159.07470818013704,0.5641763939954321,0.7127116663659028
2018-05-28,177,158.85276961362115,0.6049076795459617,0.7952013435635471
2018-05-29,178,159.88761466035047,0.6037461779883179,0.7989625840240263
2018-05-30,179,159.34707150998935,0.6550976163336883,0.7888483746315741
2018-05-31,180,158.8877094330357,0.7037430188988102,0.798989868288196
2018-06-01,181,158.43344460411197,0.7522185131962676,0.8034351012505196
2018-06-02,182,169.50344629653495,0.4165517901155018,0.7744896347524312
2018-06-03,183,169.91048264701217,0.4363172450995942,0.658035652064952
2018-06-04,184,170.44508471065126,0.4518305096449581,0.6803269016803548
2018-06-05,185,170.66486845258888,0.4778377182470374,0.773903069452431
2018-06-06,186,170.42845963787477,0.5190513454041744,0.6832545671517711
2018-06-07,187,170.2759367785048,0.5574687740498395,0.6774721668999701
2018-06-08,188,170.3343105039054,0.5888563165364862,0.6721768163642192
2018-06-09,189,161.98947575800813,0.9003508080663958,0.8424566882970546
2018-06-10,190,170.05527809922216,0.6648240633592611,0.6632916388043522
2018-06-11,191,179.852364124645,0.37158786251183357,0.6214877644473624
2018-06-12,192,179.7628832943981,0.40790389018672973,0.6227436827838322
2018-06-13,193,179.86832516918784,0.4377224943604053,0.6284878204662827
2018-06-14,194,182.02860231860103,0.3990465893799656,0.6588676913445259
2018-06-15,195,182.02613800253735,0.4324620665820883,0.6465257152157611
2018-06-16,196,179.96703441402886,0.534432186199038,0.6393970539192997
2018-06-17,197,182.00984871954998,0.49967170934833405,0.6689462760336365
2018-06-18,198,182.01015865109554,0.5329947116301488,0.6844223369851796
2018-06-19,199,182.00105807015302,0.5666313976615659,0.640510366169991
2018-06-20,200,187.0002400850874,0.4333253304970867,0.5858195476767658
2018-06-21,201,186.99948241827138,0.4666839193909539,0.5906723929876729
2018-06-22,202,186.99947455533157,0.5000175148222809,0.6065695824227875
2018-06-23,203,186.9997038511901,0.5333432049603298,0.6075916337368268
2018-06-24,204,186.99819176266467,0.5667269412445108,0.6198688866976128
2018-06-25,205,186.65919965063264,0.6113600116455785,0.5798685636137694
2018-06-26,206,196.08998973534113,0.33033367548862885,0.9949683367943702
2018-06-27,207,190.6740840324677,0.5441971989177432,0.5923259804943583
2018-06-28,208,186.67101343842214,0.7109662187192621,0.5913360887930255
2018-06-29,209,196.03340553040775,0.43221981565307505,0.981274862088092
2018-06-30,210,196.01335390117356,0.466221536627548,0.9921165164889055
2018-07-01,211,196.30615470055713,0.48979484331476236,0.9850376523728878
2018-07-02,212,195.93832650845258,0.5353891163849142,0.9760309437682635
2018-07-03,213,196.29546761573908,0.5568177461420305,0.982611995244762
2018-07-04,214,195.87802569963372,0.6040658100122092,0.9574247885736715
2018-07-05,215,195.9348810014789,0.6355039666173695,0.9653711253311996
2018-07-06,216,196.42463162329787,0.6525122792234044,0.9707222075922328
2018-07-07,217,196.02383801706196,0.6992053994312679,0.9648484065625452
2018-07-08,218,195.98298125791746,0.7339006247360848,0.9801884744749901
2018-07-09,219,196.07015774111892,0.7643280752960361,0.9814540952365949
2018-07-10,220,195.88646792203448,0.8037844025988505,0.9736166305040713
2018-07-11,221,195.65460338913527,0.8448465536954909,0.9216723258968565
2018-07-12,222,195.00877570013466,0.8997074766621779,0.9616418009469072
2018-07-13,223,194.9827323782055,0.9339089207264835,0.9772138906245775
2018-07-14,224,210.51366217138263,0.4495445942872455,0.7919519774605078
2018-07-15,225,210.53017090702235,0.48232763643258825,0.7713133631394119
2018-07-16,226,210.46310335491907,0.517896554836031,0.7598896148650156
2018-07-17,227,210.0029753468329,0.5665674884389034,0.7710549377029549
2018-07-18,228,210.00193922218187,0.5999353592606042,0.7586221866911058
2018-07-19,229,219.48080724075464,0.31730642530817854,0.9785535898429542
2018-07-20,230,219.4784626981385,0.35071791006205044,0.9655806577256465
2018-07-21,231,219.45101329441457,0.3849662235195145,0.94876563324558
2018-07-22,232,219.46952479249796,0.41768250691673453,0.9796953152830497
2018-07-23,233,219.429021657447,0.45236594475176634,0.9763969370600484
2018-07-24,234,219.41409681189322,0.4861967729368928,0.9531009333972238
2018-07-25,235,219.3896321530193,0.5203455948993565,0.911266343984218
2018-07-26,236,219.2780241395132,0.5573991953495597,0.8913997884862265
2018-07-27,237,224.4702719864232,0.41765760045256,0.8744759804806612
2018-07-28,238,224.25507489157613,0.4581641702807957,0.9836689675913148
2018-07-29,239,224.4829926493552,0.4839002450214934,0.9775843501130229
2018-07-30,240,224.2286480576069,0.5257117314131032,0.9717989569077407
2018-07-31,241,224.46673025133103,0.551108991622299,0.9854087036606056
2018-08-01,242,224.26901751341714,0.591032749552762,0.9740926834844994
2018-08-02,243,224.49151370859033,0.6169495430469889,0.9578679169422619
2018-08-03,244,230.27367734627686,0.45754408845743816,0.6551483634270606
2018-08-04,245,230.1786611290719,0.49404462903093627,0.6484871925743614
2018-08-05,246,230.05800011059668,0.531399996313444,0.6646245394018502
2018-08-06,247,229.95973296553427,0.5680089011488576,0.6809396402496435
2018-08-07,248,229.85966463520293,0.6046778454932356,0.6937945695393295
2018-08-08,249,228.02526615009845,0.6991577949967185,0.6302601444893855
2018-08-09,250,228.05113755014207,0.7316287483285976,0.6485133907924167
2018-08-10,251,228.0287961618118,0.7657067946062729,0.641666318433674
2018-08-11,252,228.02209791828372,0.799263402723876,0.6135454951932652
2018-08-12,253,238.99507639224117,0.4668307869252942,0.7310837879786731
2018-08-13,254,250.67137653426806,0.11095411552439789,0.9689054303168007
2018-08-14,255,238.91518806161025,0.536160397946325,0.664389866737457
2018-08-15,256,241.03328347814107,0.4988905507286309,0.6223892010032646
2018-08-16,257,254.44967105712,0.0850109647626662,0.956635299320776
2018-08-17,258,254.94989562732275,0.10167014575590845,0.9986907856374277
2018-08-18,259,254.97169421972882,0.13427685934237274,0.9993862466394557
2018-08-19,260,254.80316859441513,0.17322771351949579,0.9983857642271734
2018-08-20,261,254.7849991787447,0.2071666940418434,0.9989755778844748
2018-08-21,262,254.6242574705368,0.24585808431543985,0.9980749335532808
2018-08-22,263,254.537935350918,0.282068821636067,0.9960268003572581
2018-08-23,264,254.58757106314619,0.3137476312284605,0.998003631761623
2018-08-24,265,254.51794102338755,0.34940196588708167,0.9960290567830584
2018-08-25,266,254.47263935462976,0.38424535484567457,0.9928745001881064
2018-08-26,267,254.388215547694,0.42039281507686704,0.9849431341161349
2018-08-27,268,254.58988751817702,0.44700374939409926,0.9963838968848195
2018-08-28,269,254.82553956818018,0.4724820143939941,0.9961598068593942
2018-08-29,270,254.99868010970414,0.5000439963431954,0.9957393473142425
2018-08-30,271,254.99850375627926,0.5333832081240246,0.9943895844037867
2018-08-31,272,254.99861775364704,0.5667127415450987,0.989752592474858
2018-09-01,273,254.99771867967647,0.6000760440107844,0.9801855697916431
2018-09-02,274,264.5477194809038,0.31507601730320595,0.9458079322401188
2018-09-03,275,265.65119197387446,0.31162693420418464,0.9442629789992362
2018-09-04,276,264.51015249178346,0.3829949169405514,0.9449951666815376
2018-09-05,277,264.6955974271938,0.41014675242687415,0.9388306587188997
2018-09-06,278,264.96812125409053,0.43439595819698223,0.8534920536359194
2018-09-07,279,264.96230570528087,0.4679231431573044,0.9006108715293156
2018-09-08,280,264.96039960540645,0.5013200131531182,0.9324271151274999
2018-09-09,281,264.97062679580586,0.5343124401398048,0.9260807963372096
2018-09-10,282,264.8099673182713,0.5730010893909575,0.9384652687713866
2018-09-11,283,264.8967665834998,0.6034411138833397,0.9593250467552472
2018-09-12,284,264.9613165071997,0.6346227830933439,0.9784324264743005
2018-09-13,285,264.59265084510133,0.6802449718299556,0.9882119343995831
2018-09-14,286,264.3192148448484,0.7226928385050542,0.9694214515859068
2018-09-15,287,264.84939023961874,0.7383536586793753,0.9282911259302112
2018-09-16,288,264.7999437217346,0.7733352092755126,0.9559783370901737
2018-09-17,289,263.4361348238431,0.8521288392052307,0.954251003846982
2018-09-18,290,263.38265152640196,0.8872449491199348,0.9196638244859126
2018-09-19,291,261.107571228592,0.9964142923802665,0.9828739260931793
2018-09-20,292,272.2438412307697,0.6585386256410098,0.694695847913353
2018-09-21,293,283.846794716535,0.3051068427821671,0.6222927501059392
2018-09-22,294,284.1644142504166,0.3278528583194467,0.6731541603550117
2018-09-23,295,285.3015316777031,0.32328227740989635,0.6726001537376498
2018-09-24,296,285.00837791975135,0.3663874026749549,0.6469026394575959
2018-09-25,297,285.0039861713384,0.39986712762205345,0.6419878042692726
2018-09-26,298,285.0002071341527,0.4333264288615775,0.7006022500899103
2018-09-27,299,285.0066364762949,0.46644545079017047,0.6564269740670154
2018-09-28,300,285.0051623511105,0.49982792162964906,0.6567929073903322
2018-09-29,301,285.01091669719096,0.5329694434269678,0.6144306984522799
2018-09-30,302,293.00319684484975,0.2998934385050082,0.650542957331776
2018-10-01,303,289.00191487376645,0.46660283754111825,0.5664137702961396
2018-10-02,304,286.9891071491241,0.5670297616958635,0.603159271655265
2018-10-03,305,286.99631060423764,0.6001229798587455,0.606334370221971
2018-10-04,306,291.83067918129774,0.472310693956742,0.604081639056067
2018-10-05,307,278.6479327410133,0.9450689086328907,0.6811749728794572
2018-10-06,308,278.00067433137116,0.999977522287628,0.7665999309394929
2018-10-07,309,292.03735557907487,0.5654214806975043,0.5971712451145509
2018-10-08,310,302.6724083685299,0.2442530543823371,0.9420394367555317
2018-10-09,311,302.97825131608005,0.26739162279733175,0.6988539875088902
2018-10-10,312,298.6482830041827,0.44505723319390994,0.6733841335301314
2018-10-11,313,298.9949506157768,0.4668349794741061,0.7154768441466812
2018-10-12,314,298.98306822520556,0.5005643924931481,0.6424574668330463
2018-10-13,315,298.99222090593116,0.5335926364689613,0.6708172806028014
2018-10-14,316,309.3718197880246,0.22093934039918015,0.8675769528132904
2018-10-15,317,310.0340794609662,0.2321973513011263,0.8607950319354775
2018-10-16,318,310.0288773542883,0.26570408819039054,0.8527593830243841
2018-10-17,319,310.0247082446545,0.29917639184484984,0.802396492054338
2018-10-18,320,310.0237270678468,0.33254243107177406,0.7487163839582669
2018-10-19,321,310.0154708060953,0.36615097313015593,0.7555806569245472
2018-10-20,322,310.02401848597015,0.3991993838009951,0.7753750333614328
2018-10-21,323,310.00687726477986,0.43310409117400467,0.8535544010141163
2018-10-22,324,311.52498039168734,0.41583398694375545,0.8907456811671394
2018-10-23,325,310.49460776318426,0.48351307456052456,0.9571011490472989
2018-10-24,326,310.07587908200225,0.5308040305999252,0.9571950121112929
2018-10-25,327,310.1397994277753,0.5620066857408232,0.9227228622178545
2018-10-26,328,309.33155777575615,0.6222814074747949,0.9246030176398665
2018-10-27,329,321.8957170971596,0.23680943009467986,0.9527529293937618
2018-10-28,330,321.95315373824934,0.26822820872502195,0.961100552387025
2018-10-29,331,321.8206858689449,0.30597713770183643,0.9353494900808459
2018-10-30,332,321.78088150850715,0.34063728304976165,0.9489000812801529
2018-10-31,333,321.59524734608294,0.38015842179723525,0.9192061864216348
2018-11-01,334,321.5120003605001,0.41626665464999635,0.9143728924038698
2018-11-02,335,321.4725187515529,0.45091604161490295,0.8895729850713617
2018-11-03,336,321.38443334634167,0.48718555512194445,0.8499154655202147
2018-11-04,337,321.32701385612,0.5224328714626665,0.8246913577893986
2018-11-05,338,320.10869827723883,0.596376724092039,0.8049226099793398
2018-11-06,339,325.05463275760246,0.4648455747465846,0.6319133844512774
2018-11-07,340,326.82066965369324,0.4393110115435585,0.6591529047861091
2018-11-08,341,325.02175901425954,0.5326080328580152,0.7049003724940328
2018-11-09,342,325.0366977126243,0.5654434095791904,0.780100241000427
2018-11-10,343,333.00036716470817,0.3333210945097278,0.9968840838718092
2018-11-11,344,334.0000761898957,0.33333079367014307,0.9947144385114328
2018-11-12,345,333.18884122393706,0.3937052925354313,0.9975934536631477
2018-11-13,346,335.47048719606335,0.35098376013122184,0.93448974847535
2018-11-14,347,334.53569260182695,0.4154769132724349,0.9402729533612236
2018-11-15,348,332.47365523165297,0.5175448256115677,0.9727366384872468
2018-11-16,349,328.99856825951235,0.6667143913495882,0.9904286932092096
2018-11-17,350,328.9988583075143,0.7000380564161901,0.9955015366344636
2018-11-18,351,328.9980540082212,0.7333981997259609,0.9978216563737009
2018-11-19,352,325.00239401837024,0.8999201993876587,0.9562537080986555
2018-11-20,353,324.9999768220549,0.9333341059315027,0.9528146318765361
2018-11-21,354,332.8987501478516,0.7033749950716128,0.9588263831141262
2018-11-22,355,335.13138931466074,0.6622870228446421,0.9223036946582983
2018-11-23,356,334.17514456831356,0.7274951810562148,0.9235293034323963
2018-11-24,357,333.15374522415846,0.7948751591947182,0.9271091409818657
2018-11-25,358,328.1457369496481,0.9951421016783968,0.9821151721762953
2018-11-26,359,345.0327825296434,0.46557391567855383,0.9838483010780966
2018-11-27,360,344.36998938230886,0.521000353923038,0.9775802082215883
2018-11-28,361,345.11322724946893,0.5295590916843689,0.9903427442491568
2018-11-29,362,345.01960275751617,0.5660132414161277,0.9922185542524309
2018-11-30,363,352.1462533802447,0.36179155399184426,0.9911488291059914
2018-12-01,364,352.0669713801115,0.39776762066294963,0.9895461148868568
2018-12-02,365,352.1267819802515,0.42910726732494975,0.9828056984503414
2018-12-03,366,343.91864006536593,0.7360453311544688,0.9957490022386457
2018-12-04,367,343.83594241189746,0.7721352529367512,0.9909045671743064
2018-12-05,368,343.78968139115267,0.807010620294911,0.9776759664114291
2018-12-06,369,358.2820402740749,0.3572653241975028,0.742029691952775
2018-12-07,370,358.2863836935653,0.39045387688115624,0.7809354776457123
2018-12-08,371,358.3629569844281,0.42123476718573066,0.7523074461883722
2018-12-09,372,358.0003408993357,0.4666553033554768,0.776986536943642
2018-12-10,373,358.32013466681985,0.4893288444393382,0.6725129218083616
2018-12-11,374,358.00064647702936,0.5333117840990212,0.6792297187298812
2018-12-12,375,358.3091665274524,0.5563611157515861,0.6077005954661936
2018-12-13,376,363.97800838258604,0.40073305391379865,0.7933198570203318
2018-12-14,377,363.7568850380881,0.44143716539706285,0.8063626169411257
2018-12-15,378,363.6842824449181,0.4771905851693968,0.8545234391430562
2018-12-16,379,363.9733122084537,0.5008895930515431,0.6901973941870531
2018-12-17,380,363.7964889159482,0.5401170361350599,0.7313828238759255
2018-12-18,381,380.9999898441125,3.385295826774382e-07,0.9550806899349591
2018-12-19,382,378.3942199244605,0.1201926691846495,0.908727992451827
2018-12-20,383,377.5529667675479,0.18156777441507,0.8708877105882178
2018-12-21,384,377.28902960625226,0.22369901312492477,0.8785331053504057
2018-12-22,385,376.9907264037896,0.26697578654034637,0.8681548499751626
2018-12-23,386,378.6419856576605,0.24526714474465053,0.8238866286344209
2018-12-24,387,376.41476921515505,0.35284102616149843,0.7943516118158451
2018-12-25,388,376.10905844829244,0.39636471839025184,0.7438828089616867
2018-12-26,389,378.0601707957988,0.36466097347337345,0.6785665153324418
2018-12-27,390,378.03382909592,0.3988723634693334,0.7515139749321474
2018-12-28,391,378.03012703944535,0.4323290986851551,0.7660585566127222
2018-12-29,392,378.0157870288993,0.46614043237002345,0.8223838165367101
2018-12-30,393,378.0568210377981,0.49810596540672997,0.8464426545436307
2018-12-31,394,378.12640043990916,0.5291199853363613,0.8885532625284837
2019-01-01,395,378.0747809179691,0.5641739694010293,0.8306549895172857
2019-01-02,396,390.00466736544894,0.19984442115170206,0.581140019642578
2019-01-03,397,385.0956200232547,0.39681266589151015,0.527725503733287
2019-01-04,398,384.9718746716775,0.43427084427741725,0.5531805866712676
2019-01-05,399,384.9843531433711,0.4671882285542968,0.5972495315544696
2019-01-06,400,384.9259781080618,0.5024673963979391,0.6175533629084556
2019-01-07,401,385.0615432848256,0.5312818905058142,0.5829881047528033
2019-01-08,402,385.0330601711814,0.5655646609606209,0.6029832973004431
2019-01-09,403,385.01282946332265,0.5995723512225785,0.5982649173454919
2019-01-10,404,384.98649454048746,0.6337835153170848,0.6496848403493832
2019-01-11,405,384.9530182420865,0.6682327252637833,0.6430264279665971
2019-01-12,406,384.8982183860977,0.7033927204634096,0.7121106461362098
2019-01-13,407,384.57765263034963,0.7474115789883455,0.779445798387617
2019-01-14,408,394.92571711892117,0.43580942936929434,0.9020496967924632
2019-01-15,409,379.0006389987432,0.9999787000418924,0.8888018798423444
2019-01-16,410,394.97797607061517,0.5007341309794943,0.9464792064386475
2019-01-17,411,394.9708933691189,0.5343035543627025,0.9572809377569454
2019-01-18,412,394.9781004459778,0.5673966518007395,0.9080564963117546
2019-01-19,413,394.98322002876415,0.6005593323745283,0.9213612715077584
2019-01-20,414,394.99913454097765,0.6333621819674117,0.9325840350391492
2019-01-21,415,394.99143357160955,0.6669522142796818,0.9207012088368938
2019-01-22,416,394.990249507066,0.7003250164311339,0.9339711409011406
2019-01-23,417,394.9801020240602,0.7339965991979928,0.7771086054612745
2019-01-24,418,405.97611106479076,0.40079629784030807,0.6623564528431762
2019-01-25,419,405.97123778006727,0.43429207399775765,0.6652879798452858
2019-01-26,420,405.9631398285902,0.4678953390469928,0.6954340753334027
2019-01-27,421,405.9734178666432,0.5008860711118928,0.7318051105756695
2019-01-28,422,405.97771952864986,0.5340760157116714,0.7537855254994342
2019-01-29,423,408.8831268832104,0.47056243722631924,0.8012274559243535
2019-01-30,424,416.01768878972035,0.2660770403426549,0.8283062323828805
2019-01-31,425,416.0097015834089,0.2996766138863696,0.8225811862352004
2019-02-01,426,416.01259128737934,0.3329136237540221,0.7703903883913754
2019-02-02,427,416.03527969327894,0.3654906768907021,0.7477918876707965
2019-02-03,428,416.0134066873571,0.3995531104214308,0.7095791375564893
2019-02-04,429,409.9025480929768,0.6365817302341061,0.736046411747317
2019-02-05,430,408.9783005112634,0.7007233162912201,0.7515247001851814
2019-02-06,431,409.2915029851457,0.7236165671618096,0.7306657367776681
2019-02-07,432,405.73565865888344,0.8754780447038855,0.6056579917975742
2019-02-08,433,417.9996433153208,0.5000118894893073,0.6671732450971338
2019-02-09,434,433.99995872667284,1.3757775718659104e-06,0.9733206229640337
2019-02-10,435,422.0071629074596,0.4330945697513471,0.6783076199399973
2019-02-11,436,422.01108976806574,0.46629700773114185,0.6881365508973725
2019-02-12,437,422.00876555413066,0.49970781486231125,0.6492534252364852
2019-02-13,438,422.0111787152383,0.5329607094920561,0.6497489393325714
2019-02-14,439,433.01215303803343,0.19959489873221894,0.8165911169483595
2019-02-15,440,433.0306810304701,0.23231063231766408,0.76695071333749
2019-02-16,441,433.01355961028656,0.26621467965711454,0.7144839021777987
2019-02-17,442,427.05216200062006,0.49826126664599807,0.6904596270589975
2019-02-18,443,433.02636268633177,0.3324545771222745,0.7034731566083334
2019-02-19,444,427.0895834731132,0.5636805508962274,0.6989082007104038
2019-02-20,445,426.81140763148653,0.6062864122837823,0.7071983506804159
2019-02-21,446,426.4689140469635,0.6510361984345499,0.6985908929291793
2019-02-22,447,417.0000369791695,0.9999987673610159,0.78923823316034
2019-02-23,448,428.33195525165553,0.6556014916114824,0.7562935785773924
2019-02-24,449,433.0168421794583,0.5327719273513897,0.7849234598434846
2019-02-25,450,449.9999999999857,4.774847184307873e-13,0.8643393841319686
2019-02-26,451,449.0330407001297,0.0655653099956775,0.7590312362486215
2019-02-27,452,442.00386717671375,0.3332044274428749,0.6878804133669509
2019-02-28,453,442.01997252369375,0.36600091587687494,0.6409424460125441
2019-03-01,454,442.01585014311183,0.3994716618962722,0.6605285429233096
2019-03-02,455,442.01257531251116,0.432914156249628,0.6466916921883701
2019-03-03,456,440.7248888983664,0.5091703700544542,0.6370087134862747
2019-03-04,457,434.9952784774455,0.7334907174184839,0.6528463171479898
2019-03-05,458,434.9910156195536,0.7669661460148802,0.7063998459186858
2019-03-06,459,445.53166270534405,0.44894457648853175,0.6329867318366051
2019-03-07,460,444.99974615922935,0.5000084613590218,0.6756384987447623
2019-03-08,461,444.99709787976076,0.5334300706746414,0.6809690732871265
2019-03-09,462,444.99889450709026,0.5667035164303248,0.7416784795978315
2019-03-10,463,444.9989565199391,0.6000347826686967,0.7923239815344334
2019-03-11,464,434.1049229470516,0.9965025684316137,0.9725679186225406
2019-03-12,465,452.9634301861689,0.4012189937943693,0.9913349847615296
2019-03-13,466,452.96915171704495,0.43436160943183494,0.9963123002242115
2019-03-14,467,452.378873269914,0.4873708910028673,0.9975392249732009
2019-03-15,468,452.95512624865376,0.5014957917115415,0.9983982005360434
2019-03-16,469,452.9537461335623,0.5348751288812574,0.975828881603461
2019-03-17,470,452.94167743568096,0.5686107521439681,0.985684368004361
2019-03-18,471,452.5538267580384,0.6148724413987205,0.9923691018544237
2019-03-19,472,452.4719871944725,0.6509337601842503,0.9954397698856675
2019-03-20,473,452.40405374842106,0.6865315417192979,0.998139485961594
2019-03-21,474,452.99091959306463,0.7003026802311789,0.9930731458790517
2019-03-22,475,452.96977355084454,0.7343408816385154,0.9167986989735712
2019-03-23,476,452.981401173167,0.7672866275611,0.8787456086926757
2019-03-24,477,452.95346488373997,0.8015511705420011,0.9171637740325866
2019-03-25,478,452.46879348337546,0.8510402172208179,0.9479689887332963
2019-03-26,479,452.24560805974664,0.8918130646751119,0.9401764711870138
2019-03-27,480,450.00063748090906,0.9999787506363645,0.9604617013531238
2019-03-28,481,468.01977500161206,0.4326741666129313,0.9462931912027286
2019-03-29,482,468.00584178522234,0.4664719404925885,0.9174257734766645
2019-03-30,483,455.77258391255873,0.9075805362480424,0.9744801937309926
2019-03-31,484,468.3210636842244,0.5226312105258538,0.9496323684615201
2019-04-01,485,474.31380911920854,0.35620636269304856,0.8704063165166338
2019-04-02,486,474.3144071164388,0.3895197627853728,0.8274171973785803
2019-04-03,487,474.00462942722453,0.4331790190925157,0.9446444122782326
2019-04-04,488,468.0688728025427,0.6643709065819091,0.9048447571946712
2019-04-05,489,474.02609813828883,0.49913006205703897,0.8898030991717409
2019-04-06,490,474.03390648340604,0.5322031172197986,0.9077096551230978
2019-04-07,491,486.00370541272844,0.1665431529090521,0.7035248591738885
2019-04-08,492,486.00068259740146,0.19997724675328452,0.6460959714480246
2019-04-09,493,480.89083332962167,0.40363888901261097,0.594780316804224
2019-04-10,494,480.85947053909524,0.4380176486968253,0.5972343542450764
2019-04-11,495,481.0344344976203,0.4655188500793239,0.5960506997609061
2019-04-12,496,481.06658762863947,0.4977804123786844,0.5998461961687656
2019-04-13,497,481.04581229841455,0.5318062567195151,0.6112829607648075
2019-04-14,498,480.89938898787085,0.5700203670709717,0.6217200449481957
2019-04-15,499,476.99688554073117,0.7334371486422943,0.6890758642543722
2019-04-16,500,480.885131811794,0.6371622729402001,0.6030654965511196
2019-04-17,501,480.7870292050947,0.6737656931635096,0.617496071644317
2019-04-18,502,487.96613518250996,0.46779549391633474,0.706828468005081
2019-04-19,503,487.9844202948706,0.5005193235043142,0.7591092488919128
2019-04-20,504,487.9767514929873,0.5341082835670894,0.7283810002466583
2019-04-21,505,487.9794776217187,0.567350745942711,0.6899592791508167
2019-04-22,506,491.9010345551534,0.4699655148282204,0.6798180625462604
2019-04-23,507,492.1988735447848,0.4933708818405061,0.6646712824325938
2019-04-24,508,491.90424861822044,0.5365250460593188,0.6532257205322365
2019-04-25,509,491.6762311981382,0.5774589600620591,0.6550767068013605
2019-04-26,510,491.9754777102748,0.6008174096575071,0.6609898252792961
2019-04-27,511,487.97155392934343,0.7676148690218857,0.6535144500773944
2019-04-28,512,498.5184075196585,0.4493864160113825,0.596772526020998
2019-04-29,513,497.99965060550056,0.5000116464833145,0.6334835583677785
2019-04-30,514,498.0008596263472,0.5333046791217593,0.6934045241879846
2019-05-01,515,497.99886922155014,0.5667043592816621,0.6930090411689885
2019-05-02,516,497.9986713360937,0.6000442887968764,0.7307012232483328
2019-05-03,517,497.99241141309346,0.6335862862302178,0.8210314277884592
2019-05-04,518,498.0185905199208,0.666046982669307,0.6338330392017697
2019-05-05,519,498.0131226595015,0.6995625780166165,0.6896544437065334
2019-05-06,520,519.2271040845552,0.02576319718149307,0.9291792325243586
2019-05-07,521,511.2151975514064,0.326160081619787,0.9206374350558173
2019-05-08,522,506.7006137652707,0.5099795411576432,0.9391556514275772
2019-05-09,523,506.03753269567875,0.5654155768107084,0.9625476844539615
2019-05-10,524,506.00567067872964,0.5998109773756786,0.9671444273048332
2019-05-11,525,506.0106824778606,0.6329772507379801,0.982369463530099
2019-05-12,526,506.08471359632216,0.6638428801225946,0.8483712146753632
2019-05-13,527,506.7556187607394,0.6748127079753525,0.8581114796467232
2019-05-14,528,506.8414846390865,0.7052838453637833,0.8278821525323923
2019-05-15,529,513.9016613365374,0.5032779554487548,0.8698597653109821
2019-05-16,530,517.2127296127792,0.42624234624069385,0.9134241450597067
2019-05-17,531,528.7369261229762,0.07543579590079237,0.9679228241814147
2019-05-18,532,531.9999999935957,2.134773543123932e-10,0.9661209167894435
2019-05-19,533,521.2637496866886,0.3912083437770472,0.957692988517369
2019-05-20,534,519.825112379389,0.47249625402036677,0.9403022201400938
2019-05-21,535,519.6150331979001,0.5128322267366646,0.997308178233239
2019-05-22,536,519.9058794179073,0.5364706860697576,0.9958626035861564
2019-05-23,537,519.9738716817661,0.5675376106077957,0.9995634622981404
2019-05-24,538,519.6816047528132,0.6106131749062267,0.998771970000265
2019-05-25,539,519.4291161818919,0.6523627939369362,0.9967481104319377
2019-05-26,540,519.2641124968516,0.6911962501049478,0.9846762084706112
2019-05-27,541,518.1158960844507,0.7628034638516434,0.9992490298367593
2019-05-28,542,518.403732410068,0.7865422529977347,0.9995478740400078
2019-05-29,543,518.6518694475892,0.8116043517470265,0.9955709399536687
2019-05-30,544,518.6334462821758,0.8455517905941405,0.9797172129511929
2019-05-31,545,520.0135997514076,0.832880008286414,0.9880420974055623
2019-06-01,546,544.3382332094438,0.055392226351871916,0.8439598253506294
2019-06-02,547,544.3185885777608,0.08938038074130646,0.7482234582612348
2019-06-03,548,544.3588036980423,0.12137321006525781,0.7766441649334043
2019-06-04,549,544.0243988537628,0.16585337154123939,0.8454806266432372
2019-06-05,550,544.0218716345934,0.19927094551355443,0.8001916883542323
2019-06-06,551,539.69322248595,0.37689258380166846,0.720984074474742
2019-06-07,552,539.6058152361353,0.41313949212882334,0.7140946681257249
2019-06-08,553,539.3409159025027,0.455302803249909,0.6929683034567635
2019-06-09,554,539.0922631241591,0.4969245625280299,0.6819868871881445
2019-06-10,555,538.9515477883625,0.5349484070545827,0.6754797976930987
2019-06-11,556,539.1287408472265,0.5623753050924506,0.6720226307415259
2019-06-12,557,538.9827454363192,0.6005751521226936,0.6774125345117934
2019-06-13,558,532.9885754078174,0.8337141530727535,0.6166665058618703
2019-06-14,559,532.2475661161237,0.8917477961292093,0.6870563151885856
2019-06-15,560,531.9940654676599,0.933531151078004,0.7447824657547477
2019-06-16,561,549.8934824626688,0.37021725124437427,0.8816723134133874
2019-06-17,562,549.69568488393,0.4101438372023343,0.789644962614086
2019-06-18,563,549.6617720279032,0.4446075990698925,0.8222563698333526
2019-06-19,564,549.9908953372427,0.46697015542524317,0.823099119811167
2019-06-20,565,556.9974974686434,0.2667500843785547,0.963078250684121
2019-06-21,566,556.9898410500049,0.3003386316665039,0.9803228609592172
2019-06-22,567,549.6846945852694,0.5771768471576858,0.7152711019630151
2019-06-23,568,549.7512139344292,0.6082928688523604,0.7603133583911117
2019-06-24,569,549.7381350134417,0.6420621662186098,0.8254001471522723
2019-06-25,570,549.6831534466004,0.6772282184466538,0.8600662977570143
2019-06-26,571,556.9599291982734,0.46800236005755474,0.903161274953048
2019-06-27,572,549.7323541387815,0.7422548620406171,0.9080749223122636
2019-06-28,573,556.9666530385635,0.5344448987145484,0.7398372754867699
2019-06-29,574,556.9556812800132,0.568143957332893,0.7898041027497105
2019-06-30,575,549.7065430566107,0.8431152314463096,0.9281159859408556
2019-07-01,576,559.3301409127644,0.5556619695745212,0.6925883195796586
2019-07-02,577,556.967220141931,0.6677593286023011,0.6869783568947362
2019-07-03,578,549.9767616060727,0.9341079464642424,0.8523590586026406
2019-07-04,579,565.161869120157,0.46127102932809977,0.6032691342105605
2019-07-05,580,559.8697306589218,0.6710089780359415,0.6802709149840058
2019-07-06,581,561.0198526735945,0.6660049108801824,0.6351235220009337
2019-07-07,582,559.488700421069,0.7503766526310339,0.6553134863252399
2019-07-08,583,571.3129591439221,0.3895680285359314,0.6242489652877325
2019-07-09,584,571.0009327198536,0.4333022426715464,0.6265355263905099
2019-07-10,585,571.010632170663,0.466312260977899,0.5941227350906685
2019-07-11,586,571.0083474638496,0.49972175120501183,0.5802017166542219
2019-07-12,587,571.3278651019398,0.5224044966020074,0.6595095635137868
2019-07-13,588,577.953616692592,0.334879443580265,0.679224882189301
2019-07-14,589,582.051078455973,0.23163071813423433,0.642042586521756
2019-07-15,590,578.0187724593029,0.39937425135656973,0.7001975234339132
2019-07-16,591,577.7230999841348,0.44256333386217267,0.6955168612255846
2019-07-17,592,578.0366081378589,0.4654463954047022,0.7345072962302612
2019-07-18,593,592.0321599354717,0.032261335484277724,0.9903721028560433
2019-07-19,594,593.9999999815176,6.160803422972095e-10,0.9677423059485759
2019-07-20,595,591.908638136131,0.10304539546229989,0.9697786521497727
2019-07-21,596,589.6394747038785,0.21201750987071744,0.9113520096545055
2019-07-22,597,589.0861884569714,0.26379371810095337,0.855784325194886
2019-07-23,598,588.9718462435359,0.300938458548804,0.8944446723964132
2019-07-24,599,588.0339126886015,0.3655362437132832,0.8480815223451428
2019-07-25,600,588.0018171840888,0.39993942719703834,0.8130286669951627
2019-07-26,601,582.0060378265252,0.6331320724491586,0.772609616150832
2019-07-27,602,582.0064292763755,0.6664523574541514,0.7012673704059191
2019-07-28,603,586.722562634143,0.5425812455285685,0.5893342790091646
2019-07-29,604,582.0102309094145,0.7329923030195157,0.9340742013333664
2019-07-30,605,592.5050536161152,0.41649821279615934,0.9014672618762474
2019-07-31,606,592.5216815578009,0.44927728140663703,0.972105471305287
2019-08-01,607,592.5236707921013,0.4825443069299581,0.9730943730167355
2019-08-02,608,592.4984754443392,0.5167174851886936,0.9742404955539558
2019-08-03,609,596.9657731238518,0.40114089587160606,0.9998412057488744
2019-08-04,610,597.0027613049882,0.4332412898337263,0.9998973115741835
2019-08-05,611,596.7313263136994,0.47562245621002147,0.9998698913769513
2019-08-06,612,596.6944394152183,0.5101853528260563,0.9999623694292566
2019-08-07,613,596.6473512233106,0.545088292556314,0.9999915779056102
2019-08-08,614,596.0145661331203,0.5995144622293235,0.9999756591592854
2019-08-09,615,596.0169259171867,0.6327691360937782,0.9999672462430808
2019-08-10,616,596.0193124780347,0.6660229173988417,0.9999836441116737
2019-08-11,617,596.0180451811162,0.6993984939627922,0.9999870774475058
2019-08-12,618,595.8852735719214,0.7371575476026199,0.9999873770541508
2019-08-13,619,595.7724826003642,0.7742505799878586,0.9999811429140655
2019-08-14,620,619.0073461775856,0.03308846074714514,0.9999992785999564
2019-08-15,621,619.1501835328692,0.0616605489043612,0.99999746881266
2019-08-16,622,619.1500235508595,0.09499921497135043,0.9999907387592853
2019-08-17,623,619.1322127562827,0.12892624145724388,0.9999997667713846
2019-08-18,624,619.1380053912957,0.16206648695681072,0.9999999996233314
2019-08-19,625,619.0618629433259,0.19793790188913743,0.9999999973470421
2019-08-20,626,619.1059858400998,0.22980047199667222,0.9999999998003545
2019-08-21,627,619.0137806210372,0.26620731263209335,0.9999999998909643
2019-08-22,628,619.0054098648753,0.29981967117082226,0.9999999994210914
2019-08-23,629,619.0116534885836,0.3329448837138784,0.9999999984375394
2019-08-24,630,619.1051737504372,0.36316087498542704,0.9999999826475797
2019-08-25,631,619.0210576864404,0.3992980771186543,0.9999999782667265
2019-08-26,632,616.003128748245,0.533229041725167,0.9999989992170931
2019-08-27,633,617.797257509791,0.5067580830069649,0.9999999978183352
2019-08-28,634,617.4072054853617,0.5530931504879428,0.9999999924865645
2019-08-29,635,619.0777111621239,0.5307429612625356,0.9999999926072906
2019-08-30,636,632.0386510501354,0.13204496499548668,0.9992610806655143
2019-08-31,637,632.0873812174384,0.1637539594187198,0.9982377387887761
2019-09-01,638,632.0460403444619,0.19846532185127141,0.9993540653003993
2019-09-02,639,632.0821060169092,0.23059646610302784,0.998182278881924
2019-09-03,640,632.0820876232895,0.2639304125570182,0.9963187195935879
2019-09-04,641,632.0844955531177,0.2971834815627441,0.9926531818452954
2019-09-05,642,632.0775845241455,0.3307471825284817,0.98713663231348
2019-09-06,643,632.069339710028,0.36435534299906747,0.9791264420100858
2019-09-07,644,632.0679646559171,0.3977345114694307,0.9656995463970904
2019-09-08,645,631.3733883563202,0.45422038812265936,0.9307171773783396
2019-09-09,646,631.2823197676948,0.49058934107683855,0.9010753033680579
2019-09-10,647,628.4125049030287,0.6195831698990446,0.8642446262431025
2019-09-11,648,625.7011693561541,0.7432943547948639,0.8740769967500568
2019-09-12,649,639.00526600883,0.3331577997056684,0.9930713905798785
2019-09-13,650,639.0014603862928,0.3666179871235727,0.9969261847808258
2019-09-14,651,639.1034719274707,0.39655093575097833,0.9856677503995251
2019-09-15,652,639.0758408916887,0.43080530361037667,0.972331888540314
2019-09-16,653,642.2636604402385,0.35787798532538395,0.9853468302861593
2019-09-17,654,642.1040919800207,0.3965302673326429,0.9942859131091002
2019-09-18,655,642.0995101444257,0.4300163285191426,0.9961348500430092
2019-09-19,656,646.1598600419335,0.32800466526888383,0.9974082049822272
2019-09-20,657,641.7687964575684,0.5077067847477186,0.9994854527771329
2019-09-21,658,641.5708058223822,0.5476398059205925,0.9997698156187076
2019-09-22,659,640.840543446494,0.6053152184501982,0.9999112191036378
2019-09-23,660,640.9324040332898,0.6355865322236733,0.999923952701471
2019-09-24,661,660.9999999998158,6.139089236967266e-12,0.9998152940039196
2021-01-26,662,661.0479086132041,0.03173637955986427,1.0
2021-01-27,663,661.0791567138319,0.0640281095389355,1.0
2021-01-28,664,661.0693258102563,0.09768913965812469,1.0
2021-01-29,665,661.2084128646745,0.12638623784418238,1.0
2021-01-30,666,661.0578064696388,0.16473978434537456,1.0
2021-01-31,667,661.0487523411817,0.19837492196060869,0.9999999999999998
2021-02-01,668,661.0411663264861,0.23196112245046455,0.9999999999999987
2021-02-02,669,661.0360897143971,0.26546367618676264,0.9999999999999933
2021-02-03,670,661.032210294156,0.2989263235281328,0.999999999999948
2021-02-04,671,661.0249256931687,0.3325024768943763,0.9999999999995561
2021-02-05,672,661.0220921639022,0.36593026120325856,0.9999999999986332
2021-02-06,673,661.0163021059942,0.39945659646685955,0.9999999999933032
2021-02-07,674,661.0133630001128,0.4328878999962399,0.9999999999680922
2021-02-08,675,661.0103627590797,0.46632124136400915,0.9999999998668028
2021-02-09,676,660.629558722263,0.5123480425912325,0.9999999988631739
2021-02-10,677,663.5065596703346,0.4497813443221806,0.9999999918449016
2021-02-11,678,663.4797771300198,0.4840074289993405,0.999999997808854
2021-02-12,679,663.4518848761257,0.5182705041291418,0.9999999995727054
2021-02-13,680,663.434726322118,0.5521757892627345,0.9999999998976676
2021-02-14,681,663.4084644661513,0.586384517794958,0.9999999999826725
2021-02-15,682,663.3623445564699,0.6212551814510031,0.9999999999965741
2021-02-16,683,663.3228870423542,0.6559037652548606,0.9999999999995302
2021-02-17,684,663.2740504878872,0.6908649837370945,0.9999999999999214
2021-02-18,685,663.2306669651388,0.7256444344953744,0.9999999999999886
2021-02-19,686,662.001602279792,0.7999465906736002,1.0
2021-02-20,687,662.9200155796606,0.8026661473446476,1.0
2021-02-21,688,662.7283985015116,0.8423867166162798,1.0
2021-02-22,689,663.9168456088248,0.8361051463725062,1.0
2021-02-23,690,662.6508660423766,0.9116377985874464,1.0
2021-02-24,691,662.6030446838413,0.9465651772052903,1.0
2021-02-25,692,662.4346574492464,0.9855114183584532,1.0
2021-02-26,693,691.1056979797966,0.06314340067344801,0.9992917156191362
2021-02-27,694,691.0906174385659,0.09697941871446952,0.9977764449893401
2021-02-28,695,691.0661140934877,0.13112953021707577,0.9956579131800727
2021-03-01,696,691.0574363841838,0.16475212052720659,0.9891099751609862
2021-03-02,697,691.0497427253442,0.1983419091551923,0.9969108835542834
2021-03-03,698,691.0387599223396,0.23204133592201212,0.9984370670648979
2021-03-04,699,691.0341886895782,0.2655270436807276,0.9962471902479205
2021-03-05,700,691.0353883314913,0.2988203889502908,0.9928181051196217
2021-03-06,701,691.0414491712027,0.3319516942932447,0.9877215772480993
2021-03-07,702,691.0426145106657,0.3652461829778114,0.990088052903303
2021-03-08,703,691.0034582607204,0.3998847246426521,0.9955784164089433
2021-03-09,704,690.9998762412905,0.43333745862364975,0.9909715517314371
2021-03-10,705,690.9860819789143,0.46713060070285717,0.9852415733716332
2021-03-11,706,690.9791752634841,0.500694157883864,0.9790558146737748
2021-03-12,707,690.9829254592061,0.5339024846931314,0.9934490951756836
2021-03-13,708,698.9742011107817,0.3008599629739441,0.9867146494517459
2021-03-14,709,698.4778068285532,0.3507397723815605,0.9899387231557454
2021-03-15,710,693.9862229479508,0.5337925684016417,0.9990760772676041
2021-03-16,711,693.9970577435689,0.5667647418810361,0.9976076520539977
2021-03-17,712,693.8651366510286,0.6044954449657136,0.9990437190078643
2021-03-18,713,693.9832323529829,0.6338922549005701,0.999588596529129
2021-03-19,714,694.6301637212408,0.6456612092919727,0.9990670551651073
2021-03-20,715,693.9871423214624,0.7004285892845853,0.9999527995001576
2021-03-21,716,693.9598216596884,0.7346726113437209,0.9999778759489916
2021-03-22,717,693.54138718791,0.7819537604029999,0.9999912509676626
2021-03-23,718,693.1688004132263,0.8277066528924555,0.9999968148102787
2021-03-24,719,693.1068508477777,0.863104971740745,0.9999987504571135
2021-03-25,720,693.0647690459946,0.8978410318001806,0.9999997451417485
2021-03-26,721,693.0268348255088,0.9324388391497072,0.9999997136600816
2021-03-27,722,692.0,1.0,0.9999996457090258
2021-03-28,723,706.9834962671215,0.5338834577626168,0.6418687314676296
2021-03-29,724,707.7820102282018,0.5405996590599406,0.6041017577868888
2021-03-30,725,707.688767479592,0.5770410840135999,0.5901946207187652
2021-03-31,726,720.0376625900493,0.19874458033168974,0.6929888269569184
2021-04-01,727,714.7096248363727,0.40967917212091154,0.6974080512918168
2021-04-02,728,714.3400640180523,0.4553311993982561,0.6947076262962726
2021-04-03,729,720.0080601641923,0.2997313278602557,0.7556748859955487
2021-04-04,730,720.0482799290339,0.33172400236553584,0.7029128352669718
2021-04-05,731,720.0182642807667,0.36605785730777524,0.6664081328543356
2021-04-06,732,714.1331204194921,0.5955626526835961,0.681035992231566
2021-04-07,733,711.9726209740788,0.7009126341973722,0.6632421836316529
2021-04-08,734,720.0113499130924,0.4662883362302523,0.6563677567941935
2021-04-09,735,714.1034355990648,0.6965521466978392,0.7055343101970943
2021-04-10,736,720.0126279723871,0.5329124009204292,0.6790719769156144
2021-04-11,737,723.985560546572,0.4338146484476018,0.6528804795834386
2021-04-12,738,723.9985418213801,0.4667152726206647,0.7000513311134504
2021-04-13,739,723.9854765940202,0.5004841135326614,0.7495917986006128
2021-04-14,740,723.9967134407594,0.5334428853080188,0.7712936378634727
2021-04-15,741,723.6893432886644,0.5770218903778528,0.7938325469057818
2021-04-16,742,723.9995230225525,0.6000158992482512,0.6708687934526738
2021-04-17,743,723.9885427098818,0.6337152430039396,0.6858851954767593
2021-04-18,744,723.9930037254583,0.6668998758180578,0.7387796048587525
2021-04-19,745,723.9995001035828,0.7000166632139061,0.7336230994432971
2021-04-20,746,723.994984526624,0.7335005157792012,0.777459043064173
2021-04-21,747,723.9956064339256,0.766813118869148,0.806140772104361
2021-04-22,748,723.6488648193789,0.8117045060207033,0.8306600643075897
2021-04-23,749,735.1010416827897,0.4632986105736753,0.7095282961841168
2021-04-24,750,735.0627851001316,0.4979071633289474,0.718710485154234
2021-04-25,751,735.0442907876618,0.5318569737446068,0.7665583019932125
2021-04-26,752,735.9704371033372,0.5343187632220937,0.769381525866232
2021-04-27,753,737.9880045901913,0.5003998469936239,0.6445947214851225
2021-04-28,754,737.9773994683887,0.534086684387042,0.6221144970989041
2021-04-29,755,737.9792988738892,0.5673567042036931,0.6628196677499569
2021-04-30,756,737.9789008945412,0.6007033035152934,0.7089172741195027
2021-05-01,757,735.9766744210482,0.7007775192983937,0.7909303491915888
2021-05-02,758,751.078817665215,0.23070607782616814,0.9315130301085396
2021-05-03,759,751.378103135486,0.2540632288171347,0.9912237254850856
2021-05-04,760,746.625895934504,0.4458034688498666,0.7536505611801055
2021-05-05,761,752.1617022562195,0.29460992479268194,0.8402644507280257
2021-05-06,762,746.0410429115528,0.5319652362815721,0.5866945050726042
2021-05-07,763,759.7247657613194,0.10917447462268608,0.9345925572337875
2021-05-08,764,761.5543067946277,0.08152310684574407,0.9769448345185878
2021-05-09,765,760.1478819561543,0.16173726812819117,0.9711287200159052
2021-05-10,766,759.6238043750288,0.21253985416570534,0.9605399773844426
2021-05-11,767,759.6893720515282,0.2436875982823949,0.9744126336095627
2021-05-12,768,759.4865114823115,0.2837829505896176,0.9664337679036076
2021-05-13,769,759.378839783287,0.3207053405570984,0.9397660468954928
2021-05-14,770,759.3422327566087,0.35525890811304256,0.9101233494357484
2021-05-15,771,759.2535335834101,0.3915488805529966,0.8619003248004591
2021-05-16,772,759.0509736019917,0.43163421326694335,0.8192637966422883
2021-05-17,773,759.0762402610864,0.46412532463045486,0.9004699897812201
2021-05-18,774,759.3728696641135,0.4875710111962159,0.9871943716716348
2021-05-19,775,759.3732718554289,0.5208909381523692,0.9754677450547604
2021-05-20,776,758.124377994408,0.5958540668530683,0.9922983923907697
2021-05-21,777,759.2810140051993,0.5906328664933578,0.9985282691729134
2021-05-22,778,759.2032508197957,0.6265583060068101,0.9962104465161203
2021-05-23,779,773.3275065842515,0.18908311385828255,0.9277625317081242
2021-05-24,780,773.2524526465697,0.22491824511434214,0.9342997832729563
2021-05-25,781,773.2515688082508,0.2582810397249735,0.9625361711034682
2021-05-26,782,773.0056518961344,0.2998116034621868,0.9524592551525907
2021-05-27,783,773.0024233720703,0.3332525542643225,0.9384703228366409
2021-05-28,784,773.0670514235442,0.3644316192151943,0.9071320778910609
2021-05-29,785,773.005965893498,0.39980113688339997,0.8718712180696632
2021-05-30,786,773.0044022293094,0.4331865923563517,0.8153062409473408
2021-05-31,787,773.0064102054694,0.4664529931510212,0.8138096046497449
2021-06-01,788,773.0188612862215,0.4993712904592826,0.7589602082868561
2021-06-02,789,773.0326242178038,0.53224585940654,0.716535609177387
2021-06-03,790,776.3352282346947,0.45549239217684395,0.5171320533287159
2021-06-04,791,776.0004685043137,0.49998438318954186,0.5860281696502508
2021-06-05,792,783.1312598707094,0.29562467097635287,0.7090265306899675
2021-06-06,793,792.4024284836979,0.019919050543402744,0.994820068557185
2021-06-07,794,773.0718781629814,0.6976040612339527,0.9611826349006106
2021-06-08,795,773.0168070447734,0.7327730985075542,0.9882657893587857
2021-06-09,796,792.0509564545674,0.13163478484775246,0.9829211431136208
2021-06-10,797,792.0395849023439,0.16534716992186987,0.9887237253165929
2021-06-11,798,792.0173798092404,0.1994206730253192,0.9800567547795277
2021-06-12,799,792.0444236072501,0.23185254642499634,0.9918741893734607
2021-06-13,800,792.0357509476055,0.2654749684131502,0.9949151087958851
2021-06-14,801,792.0299391854332,0.299002027152225,0.9899209648158951
2021-06-15,802,792.0323348280408,0.33225550573197327,0.9820088716829289
2021-06-16,803,792.0231184156369,0.36589605281210424,0.9638256885239056
2021-06-17,804,792.0282373105973,0.3990587563134227,0.9410748547125348
2021-06-18,805,791.9949301628087,0.4335023279063762,0.9691276533880435
2021-06-19,806,792.0001297230565,0.4666623425647837,0.9517156503094241
2021-06-20,807,792.0029068033634,0.49990310655455233,0.9218927913551518
2021-06-21,808,791.9610329714735,0.5346322342842161,0.9626168239510436
2021-06-22,809,796.3489261991454,0.4217024600284882,0.546802192693461
2021-06-23,810,796.4531652105237,0.4515611596492098,0.5166568400499185
2021-06-24,811,796.0003909651513,0.49998696782829105,0.5884636456999708
2021-06-25,812,794.997362150017,0.5667545949994329,0.5839339006587185
2021-06-26,813,794.995762424064,0.600141252531201,0.5870225833530123
2021-06-27,814,794.7005613381333,0.6433146220622235,0.5453715109233095
2021-06-28,815,800.8749113471033,0.4708362884298898,0.9926603433859876
2021-06-29,816,800.9746439309758,0.5008452023008052,0.9957495382545041
2021-06-30,817,800.68610469604,0.5437965101319985,0.9978728859986831
2021-07-01,818,800.9038068193815,0.5698731060206152,0.9992053306280695
2021-07-02,819,800.9095603965129,0.6030146534495695,0.9993059617581739
2021-07-03,820,800.901786262679,0.6366071245773658,0.9997186975054444
2021-07-04,821,800.9940842174327,0.6668638594189095,0.9993165339935071
2021-07-05,822,800.9811374850419,0.7006287504986024,0.9997410729482987
2021-07-06,823,800.9741666970519,0.7341944434316019,0.9998619464541163
2021-07-07,824,800.9273113602472,0.7690896213250918,0.9989802151272018
2021-07-08,825,800.9098495247065,0.8030050158431171,0.9979284596613085
2021-07-09,826,800.8792644792086,0.8373578506930471,0.9989020728983177
2021-07-10,827,800.8804728849411,0.8706509038352958,0.9990635413760408
2021-07-11,828,800.9192463777753,0.9026917874074911,0.9979439687215895
2021-07-12,829,800.8869596280055,0.9371013457331514,0.9991920891623595
2021-07-13,830,800.5788398558706,0.9807053381376477,0.9925448548973221
2021-07-14,831,818.0272634807359,0.43242455064213725,0.7333720063616955
2021-07-15,832,818.0186407460046,0.46604530846651265,0.7213439113115743
2021-07-16,833,818.0209961147646,0.4993001295078481,0.6986919052492768
2021-07-17,834,818.011094684603,0.5329635105132335,0.7772296754863527
2021-07-18,835,818.0181015684869,0.5660632810504354,0.7286731560081419
2021-07-19,836,818.0007659324203,0.5999744689193222,0.7073468759141915
2021-07-20,837,824.0004975079323,0.43331674973558926,0.5943594573430024
2021-07-21,838,824.0146530347181,0.4661782321760635,0.575627231680445
2021-07-22,839,823.0669379099171,0.53110206966943,0.6103268501266073
2021-07-23,840,824.0001321304131,0.5333289289862289,0.5866903332919158
2021-07-24,841,824.0059403751466,0.5664686541617812,0.5738687632274917
2021-07-25,842,837.2511037840532,0.15829654053156142,0.8635821732502074
2021-07-26,843,834.6344426016368,0.2788519132787731,0.8666599804954014
2021-07-27,844,837.2155817503921,0.22614727498693127,0.8665431689530648
2021-07-28,845,827.6730331143442,0.5775655628551931,0.6461843864165315
2021-07-29,846,837.2030662529783,0.29323112490072467,0.9611943521837483
2021-07-30,847,837.3988203368165,0.32003932210611763,0.9766773977793275
2021-07-31,848,837.3815732732589,0.3539475575580354,0.9865089876468393
2021-08-01,849,837.2944748749123,0.39018417083625534,0.9927542684623318
2021-08-02,850,837.2311174916583,0.4256294169447225,0.9981755160354412
2021-08-03,851,837.2132701926264,0.4595576602457868,0.9976337369707786
2021-08-04,852,837.8342916539583,0.4721902782013899,0.875773563223031
2021-08-05,853,834.9646240453931,0.6011791984868978,0.8973717890960843
2021-08-06,854,837.394978619987,0.5535007126671,0.9244793080120121
2021-08-07,855,836.9143761186615,0.6028541293779502,0.9558172709712041
2021-08-08,856,834.9518037104402,0.7016065429853257,0.9395204194316855
2021-08-09,857,834.9150275812515,0.7361657472916173,0.9402703374994729
2021-08-10,858,837.7096558834108,0.6763448038863051,0.8756978530322814
2021-08-11,859,837.2539367542594,0.7248687748580209,0.9230608862651896
2021-08-12,860,837.3011074087143,0.7566297530428566,0.8892804015520316
2021-08-13,861,836.591150395111,0.813628320162968,0.8612164512076136
2021-08-14,862,861.9999901964503,3.2678498958678876e-07,0.999998954091708
2021-08-15,863,860.8362867009549,0.0721237766348357,0.999996930879903
2021-08-16,864,860.3926338165913,0.12024553944695526,0.999997847492379
2021-08-17,865,860.3137394033247,0.1562086865558437,0.9999976164354829
2021-08-18,866,860.2301990495375,0.19232669834874894,0.9999906031686595
2021-08-19,867,860.1772464202022,0.227425119326593,0.999992271978003
2021-08-20,868,860.124458305401,0.2625180564866317,0.999991052089988
2021-08-21,869,860.0809644638819,0.2973011845372715,0.9999693880599263
2021-08-22,870,860.0660927366861,0.3311302421104642,0.9999317677821246
2021-08-23,871,860.0385711609141,0.36538096130286324,0.9998204089470581
2021-08-24,872,860.0181833688373,0.3993938877054234,0.999680195432333
2021-08-25,873,851.0255364954351,0.7324821168188312,0.9994074241317741
2021-08-26,874,851.0209895518618,0.7659670149379394,0.9992640996855263
2021-08-27,875,851.0195878726798,0.7993470709106721,0.9987600859498853
2021-08-28,876,860.0003392081256,0.533322026395812,0.9924059466112131
2021-08-29,877,868.9960182401095,0.2667993919963502,0.8365487317366239
2021-08-30,878,868.9802779671691,0.30065740109436473,0.8936238116208131
2021-08-31,879,863.0417039268194,0.5319432024393526,0.9478088857657986
2021-09-01,880,868.658295493251,0.3780568168916337,0.96577875395376
2021-09-02,881,880.9999973848036,8.71732140694803e-08,0.999992768476898
2021-09-03,882,880.359574681514,0.05468084394953318,0.9999637820983851
2021-09-04,883,880.0375782439571,0.0987473918680962,0.9999023885998736
2021-09-05,884,883.2593129054482,0.02468956981839483,1.0
2021-09-06,885,883.2461622729444,0.05846125756852037,1.0
2021-09-07,886,883.9961317842948,0.06679560719017369,1.0
2021-09-08,887,883.9568071089245,0.10143976303584926,1.0
2021-09-09,888,883.9247959710335,0.13584013429888273,1.0
2021-09-10,889,878.0000473899286,0.36666508700238104,1.0
2021-09-11,890,881.8495594129158,0.2716813529028059,1.0
2021-09-12,891,880.006772357062,0.3664409214312665,1.0
2021-09-13,892,882.5210002131628,0.3159666595612407,1.0
2021-09-14,893,880.3106045452349,0.42297984849216924,1.0
2021-09-15,894,883.2417394503392,0.35860868498869347,0.9999999999995516
2021-09-16,895,883.2305519541915,0.39231493486028435,0.9999999999975642
2021-09-17,896,883.2269538198645,0.4257682060045151,0.9999999999872956
2021-09-18,897,883.2072791081995,0.45975736306001713,0.9999999999361708
2021-09-19,898,883.1778585522046,0.4940713815931796,0.9999999996902355
2021-09-20,899,884.0000000000089,0.4999999999997044,0.4999995363457881
2021-09-21,900,884.8187110301568,0.5060429656614398,0.9999999996902355
2021-09-22,901,884.7854349393214,0.5404855020226212,0.9999999999361708
2021-09-23,902,884.7730789449203,0.5742307018359915,0.9999999999872956
2021-09-24,903,884.7072278585689,0.6097590713810367,0.9999999999975642
2021-09-25,904,884.756133108848,0.6414622297050679,0.9999999999995516
2021-09-26,905,888.7625529942619,0.541248233524603,1.0
2021-09-27,906,884.818296137727,0.7060567954091008,1.0
2021-09-28,907,894.9175967239485,0.40274677586838453,1.0
2021-09-29,908,890.7686461085085,0.5743784630497165,1.0
2021-09-30,909,887.8895651670588,0.7036811610980408,1.0
2021-10-01,910,886.881218046272,0.7706260651242663,1.0
2021-10-02,911,884.2986171826564,0.8900460939114547,1.0
2021-10-03,912,884.1187017250617,0.9293766091646111,1.0
2021-10-04,913,884.1713709290642,0.9609543023645263,1.0
2021-10-05,914,884.7785917069544,0.9740469431015185,1.0
2021-10-06,915,894.8805086939122,0.6706497102029251,0.9343159301621071
2021-10-07,916,892.9684437973108,0.7677185400896406,0.8994356574734503
2021-10-08,917,893.6724329219841,0.7775855692671977,0.9529779584805775
2021-10-09,918,894.3849634460869,0.7871678851304371,0.9245964011725765
2021-10-10,919,904.0393716201906,0.49868761266031164,0.7019083514016422
2021-10-11,920,905.0066313528039,0.49977895490653734,0.733560659004026
2021-10-12,921,904.0353859106751,0.5654871363108289,0.7260671462415215
2021-10-13,922,908.9539385461594,0.4348687151280198,0.779370817538851
2021-10-14,923,923.0,0.0,0.9551165016213848
2021-10-15,924,921.3725987518591,0.08758004160469758,0.9195674982002348
2021-10-16,925,921.0115970436233,0.13294676521255724,0.8849672608682879
2021-10-17,926,916.6683030487758,0.3110565650408072,0.8139594322603296
2021-10-18,927,916.4133751812318,0.35288749395894004,0.8076806234784272
2021-10-19,928,916.0293086506584,0.39902304497805213,0.799535408052684
2021-10-20,929,915.6294610072129,0.4456846330929049,0.7966363877831817
2021-10-21,930,915.3637806171935,0.4878739794268843,0.8074099543914011
2021-10-22,931,914.3702403870701,0.5543253204309962,0.8124914464284347
2021-10-23,932,907.9857807737926,0.8004739742069129,0.8114236497120423
2021-10-24,933,907.9280022559655,0.835733258134485,0.8818784485881781
2021-10-25,934,908.199829968507,0.860005667716435,0.933244151184267
2021-10-26,935,907.6583726121174,0.9113875795960856,0.9637948102288396
2021-10-27,936,906.0,1.0,0.9812387774079954
2021-10-28,937,921.0088140040026,0.5330395331999133,0.7758153310038969
2021-10-29,938,930.6928504630408,0.24357165123197244,0.8491765247618339
2021-10-30,939,930.6693185811607,0.2776893806279759,0.8378773400929221
2021-10-31,940,930.6630582989415,0.311231390035285,0.8898437622836689
2021-11-01,941,930.6789640750003,0.3440345308333235,0.8698072479557875
2021-11-02,942,923.6858633664609,0.6104712211179693,0.8483126228492652
2021-11-03,943,923.6628420511455,0.6445719316284833,0.8770289563847328
2021-11-04,944,930.9850215534866,0.4338326148837799,0.9689976457081645
2021-11-05,945,940.6361006242623,0.14546331252458913,0.9810191155184259
2021-11-06,946,938.3898812884192,0.25367062371935845,0.9829895793587513
2021-11-07,947,930.9803482017742,0.5339883932741941,0.9923201313754788
2021-11-08,948,930.6675852482473,0.5777471583917569,0.9956520102994493
2021-11-09,949,930.964688056557,0.601177064781435,0.99734112497236
2021-11-10,950,930.9487670582284,0.635041098059052,0.9980405380605439
2021-11-11,951,921.0001348632086,0.9999955045597138,0.9989514385692659
2021-11-12,952,922.000010283127,0.9999996572290987,0.9997662441514448
2021-11-13,953,923.0000182914735,0.9999993902842182,0.9983226292109509
2021-11-14,954,941.7162534682811,0.40945821772396207,0.9781807481617812
2021-11-15,955,941.9861910957231,0.4337936301425619,0.9879605785406017
2021-11-16,956,941.9715907286508,0.46761364237830777,0.9900749041720743
2021-11-17,957,941.9679405394153,0.5010686486861573,0.9855587347227851
2021-11-18,958,941.9529120812578,0.5349029306247417,0.9664713664017809
2021-11-19,959,941.9795812206844,0.5673472926438535,0.9682850818008093
2021-11-20,960,941.9612209477757,0.6012926350741433,0.8935031286012501
2021-11-21,961,941.9955977401883,0.6334800753270581,0.700944880415332
2021-11-22,962,955.6183077577681,0.21272307474106356,0.8941266740419556
2021-11-23,963,962.9999966183125,1.1272291734106451e-07,0.9998873987872064
2021-11-24,964,963.9999962641273,1.2452909080214642e-07,0.9999999846036317
2021-11-25,965,962.2015965795295,0.09328011401568498,0.9999999452704443
2021-11-26,966,961.73279609192,0.1422401302693326,0.9999999373365848
2021-11-27,967,961.3777350526589,0.1874088315780379,0.9999999563515973
2021-11-28,968,961.1234561496243,0.22921812834585656,0.999999939847481
2021-11-29,969,960.9333538300299,0.26888820566567045,0.9999998855904975
2021-11-30,970,960.7750793113981,0.30749735628672853,0.9999998307712119
2021-12-01,971,960.6827202994995,0.34390932335001784,0.9999993142891042
2021-12-02,972,959.2153418059373,0.4261552731354224,0.9999998008474765
2021-12-03,973,960.493455916388,0.4168848027870657,0.9999989965639388
2021-12-04,974,960.423107978198,0.45256306739339985,0.999996767542611
2021-12-05,975,960.3790495505707,0.48736501498097673,0.9999921277569357
2021-12-06,976,960.349381787069,0.5216872737643674,0.9999731027067605
2021-12-07,977,960.341083435163,0.5552972188279,0.9999121397372823
2021-12-08,978,960.5134013803977,0.5828866206534106,0.999888328987816
2021-12-09,979,966.9590809871422,0.4013639670952595,0.631150594574106
2021-12-10,980,980.0,0.0,0.9999286671248289
2021-12-11,981,979.3340076697067,0.055533077676443554,0.9997924386604415
2021-12-12,982,978.4901424387963,0.11699525204012388,0.9987724926055368
2021-12-13,983,978.3232402628126,0.15589199123957845,0.9961230099785969
2021-12-14,984,978.1734742224693,0.19421752591769065,0.9922283577935871
2021-12-15,985,978.1019714212878,0.22993428595707427,0.981468429277736
2021-12-16,986,978.0256351301953,0.26581216232682436,0.9629960300937322
2021-12-17,987,977.9714888129026,0.3009503729032455,0.9386498859867605
2021-12-18,988,977.4506641695508,0.35164452768163984,0.9200221918251112
2021-12-19,989,977.3687608209038,0.3877079726365385,0.8853678519164179
2021-12-20,990,977.3038006991964,0.42320664336012137,0.8434772657303773
2021-12-21,991,977.2239751737792,0.4592008275406935,0.790482963140031
2021-12-22,992,977.1713551106831,0.4942881629772311,0.7501616686416954
2021-12-23,993,977.0834772071589,0.5305507597613693,0.7027915085510512
2021-12-24,994,977.2136157264883,0.5595461424503886,0.7595090319233877
2021-12-25,995,981.0490520795419,0.46503159734860444,0.9997541266453166
2021-12-26,996,981.0781767809353,0.49739410730215544,0.9999377682832418
2021-12-27,997,981.0268474371504,0.5324384187616525,0.9992122363953475
2021-12-28,998,981.0142387423748,0.5661920419208399,0.9997247434732562
2021-12-29,999,981.0392193230265,0.5986926892324504,0.9997692124030872
2021-12-30,1000,981.0192564694778,0.6326914510174068,0.9999061959207278
2021-12-31,1001,981.0081392767049,0.6663953574431692,0.999959047654797
2022-01-01,1002,981.0191442822381,0.699361857258729,0.9999860491175088
2022-01-02,1003,981.0110996121987,0.7329633462600441,0.9999959241941463
2022-01-03,1004,981.0024536933147,0.7665848768895103,0.9999989579657987
2022-01-04,1005,980.9981659193771,0.8000611360207623,0.9999997385009572
2022-01-05,1006,980.9912598959527,0.8336246701349107,0.9999998946317914
2022-01-06,1007,980.995607570225,0.8668130809924984,0.9999998959492209
2022-01-07,1008,978.0,1.0,0.9999989148159332
2022-01-08,1009,980.9300214041239,0.9356659531958712,0.9999999848174882
2022-01-09,1010,980.0001362057097,0.9999954598096754,0.9999999985881289
2022-01-10,1011,986.7819910197426,0.8072669660085807,0.707968349481616
2022-01-11,1012,997.9800609382858,0.46733130205714135,0.7815732329486765
2022-01-12,1013,997.9925941260865,0.5002468624637838,0.8438882701654309
2022-01-13,1014,997.9840900220228,0.5338636659325744,0.869423098916282
2022-01-14,1015,1000.5296646955172,0.4823445101494258,0.8591441723439637
2022-01-15,1016,1000.1850619207361,0.5271646026421308,0.8820001431471359
2022-01-16,1017,999.9840978087421,0.5671967397085951,0.9041653859710098
2022-01-17,1018,999.781708343721,0.6072763885426335,0.9166193908847573
2022-01-18,1019,997.98248015146,0.7005839949513339,0.9660209705928743
2022-01-19,1020,997.9760695540363,0.7341310148654581,0.9637222924376129
2022-01-20,1021,997.9636736531285,0.7678775448957178,0.9760020491523227
2022-01-21,1022,997.9621414239352,0.8012619525354922,0.9884379922649437
2022-01-22,1023,1008.9752778275841,0.4674907390805288,0.9168851682522979
2022-01-23,1024,1008.9879464788006,0.5004017840399797,0.953197265930878
2022-01-24,1025,1024.9996324078008,1.2253073305146244e-05,0.8690868820639066
2022-01-25,1026,1008.962941982637,0.5679019339121018,0.7069142783323277
2022-01-26,1027,1008.9763336662825,0.6007888777905843,0.7646169588514804
2022-01-27,1028,1022.0117498338514,0.19960833887162152,0.9595957855763343
2022-01-28,1029,1022.0132547466301,0.23289150844566392,0.9365154351632516
2022-01-29,1030,1022.0822180951245,0.2639260634958494,0.9392235001737365
2022-01-30,1031,1022.0265418426814,0.29911527191062154,0.9003432009298402
2022-01-31,1032,1022.0299864733248,0.3323337842225063,0.8529568184182024
2022-02-01,1033,1022.0164207326313,0.36611930891228894,0.7991270467834076
2022-02-02,1034,1022.0130906765706,0.39956364411431194,0.7397859756614402
2022-02-03,1035,1022.0086583553586,0.43304472148804507,0.7211262309684019
2022-02-04,1036,1022.0119678012898,0.4662677399570081,0.6675977315719237
2022-02-05,1037,1008.939045945343,0.9353651351552343,0.8728282376284093
2022-02-06,1038,1020.0190013512888,0.5993666216237065,0.7490816986061144
2022-02-07,1039,1020.4643125597117,0.6178562480096086,0.9487732151921231
2022-02-08,1040,1030.9529616028185,0.3015679465727165,0.746950616999058
2022-02-09,1041,1030.9499294075433,0.33500235308188925,0.7902433425842217
2022-02-10,1042,1030.6965631091136,0.376781229696212,0.6881172366173662
2022-02-11,1043,1030.9679027560599,0.4010699081313381,0.7506913520276
2022-02-12,1044,1030.6719425224178,0.44426858258607355,0.7740205873714949
2022-02-13,1045,1030.9824226052128,0.4672525798262389,0.850052095012114
2022-02-14,1046,1030.9693502779542,0.5010216574015279,0.8816140144221785
2022-02-15,1047,1030.9723427718611,0.5342552409379626,0.9237745942405995
2022-02-16,1048,1030.9602383296858,0.5679920556771397,0.935431752515484
2022-02-17,1049,1031.1024232805694,0.5965858906476872,0.9180105619013722
2022-02-18,1050,1025.9821358072654,0.8005954730911526,0.9706906779343576
2022-02-19,1051,1025.979493313892,0.8340168895369364,0.9845379402117543
2022-02-20,1052,1025.9816750405737,0.8672774986475437,0.9892474867480902
2022-02-21,1053,1023.0000424646493,0.9999985845116915,0.9879893507691114
2022-02-22,1054,1043.0669633667253,0.3644345544424899,0.8972942154757456
2022-02-23,1055,1025.0,1.0,0.9975073079394148
2022-02-24,1056,1038.6672659196784,0.5777578026773881,0.7101637468771161
2022-02-25,1057,1043.9792979645185,0.43402340118271543,0.7735000707585813
2022-02-26,1058,1043.9826026858502,0.46724657713832585,0.833183336086986
2022-02-27,1059,1043.9808521983452,0.5006382600551584,0.7855703801378805
2022-02-28,1060,1043.9690587168132,0.5343647094395616,0.8105192480375998
2022-03-01,1061,1043.9845518815077,0.5671816039497419,0.7477848835736127
2022-03-02,1062,1043.990165150578,0.6003278283140693,0.7611208876274551
2022-03-03,1063,1043.9818026195614,0.633939912681285,0.8118211062249511
2022-03-04,1064,1049.991260033464,0.4669579988845347,0.8630364108857347
2022-03-05,1065,1049.9755508007997,0.5008149733066755,0.9118865391408126
2022-03-06,1066,1049.9660261354827,0.5344657954839097,0.9213488521333336
2022-03-07,1067,1049.9857591682696,0.5671413610576792,0.8821389273917165
2022-03-08,1068,1049.9736469582858,0.6008784347238058,0.7301627871320682
2022-03-09,1069,1051.6278405881765,0.5790719803941177,0.6784621806394846
2022-03-10,1070,1051.5648584050462,0.6145047198317949,0.6877940686178694
2022-03-11,1071,1051.6429834475007,0.6452338850833106,0.6907609984762566
2022-03-12,1072,1051.479727428114,0.6840090857295309,0.7052948926413474
2022-03-13,1073,1066.0461838118397,0.23179387293867723,0.7141219648510284
2022-03-14,1074,1066.0928812219522,0.2635706259349263,0.701813982179655
2022-03-15,1075,1066.065343411508,0.29782188628306966,0.7054082744610257
2022-03-16,1076,1066.0094353646168,0.3330188211794393,0.6670296717807066
2022-03-17,1077,1076.8276268384566,0.005745772051447299,0.9999990038969104
2022-03-18,1078,1076.0010980780755,0.06663006406414904,0.999994971021092
2022-03-19,1079,1076.2033573003948,0.09322142332017241,0.9999995779866302
2022-03-20,1080,1076.0294398457627,0.13235200514124396,0.9999998418351408
2022-03-21,1081,1078.1343674035884,0.09552108654705384,0.9999922596478242
2022-03-22,1082,1074.6784965219692,0.24405011593435877,0.9999616343047876
2022-03-23,1083,1076.314240128458,0.22285866238473015,0.9999945417452942
2022-03-24,1084,1076.0441684107632,0.2651943863078941,0.9999898724248233
2022-03-25,1085,1076.0589233491976,0.2980358883600805,0.9999859167332278
2022-03-26,1086,1076.2754429563222,0.3241519014559268,0.9999733233713972
2022-03-27,1087,1076.0213576068209,0.36595474643930476,0.999922123888152
2022-03-28,1088,1076.0648560983307,0.3978381300556445,0.9999167953877848
2022-03-29,1089,1076.0211434166745,0.43262855277751744,0.9998578826434602
2022-03-30,1090,1076.0176982315345,0.46607672561551683,0.9996953140403992
2022-03-31,1091,1076.0134026144347,0.49955324618551156,0.9993403837583963
2022-04-01,1092,1076.3233512918382,0.5225549569387264,0.9982655466748545
2022-04-02,1093,1080.3727014087738,0.42090995304087453,0.9600335290162417
2022-04-03,1094,1087.2359385762584,0.22546871412472078,0.9889208178312527
2022-04-04,1095,1080.8617012431462,0.4712766252284609,0.9904150057692046
2022-04-05,1096,1080.8976788419702,0.5034107052676594,0.9955978215618775
2022-04-06,1097,1080.7315981991346,0.5422800600288459,0.9946629056665067
2022-04-07,1098,1080.9982354300237,0.5667254856658777,0.9964459758764539
2022-04-08,1099,1080.727269714495,0.6090910095168359,0.9973884032322149
2022-04-09,1100,1080.6910292246075,0.6436323591797494,0.9989972154018179
2022-04-10,1101,1086.062339594737,0.4979220135087644,0.9986076186796735
2022-04-11,1102,1080.8524693935992,0.704917686880026,0.999721518955746
2022-04-12,1103,1080.943161027304,0.7352279657565305,0.9995104989208262
2022-04-13,1104,1080.9636394947684,0.7678786835077214,0.9996422572300127
2022-04-14,1105,1080.6528979616846,0.8115700679438457,0.9998681171883388
2022-04-15,1106,1080.9589751302356,0.834700828992148,0.9999641979079918
2022-04-16,1107,1080.2257643274086,0.8924745224197144,0.9999870915164649
2022-04-17,1108,1080.5102714249476,0.916324285835079,0.9978325942148123
2022-04-18,1109,1080.6222116136016,0.9459262795466127,0.998585157937429
2022-04-19,1110,1080.1023332705117,0.9965888909829421,0.9755618166267697
2022-04-20,1111,1102.329645428036,0.2890118190654675,0.7822375576201193
2022-04-21,1112,1102.0210846590219,0.3326305113659373,0.7734016581010839
2022-04-22,1113,1102.040448077139,0.3653183974287003,0.872783174117035
2022-04-23,1114,1113.99830330676,5.6556441336397256e-05,0.7954630062776566
2022-04-24,1115,1102.0028699743893,0.4332376675203553,0.8494430674989757
2022-04-25,1116,1094.13715532337,0.7287614892209983,0.7564062218443707
2022-04-26,1117,1096.0282558596127,0.6990581380129091,0.8149723880431274
2022-04-27,1118,1096.0135688471937,0.7328810384268764,0.943058551534061
2022-04-28,1119,1106.0004687487317,0.4333177083756103,0.7353453851739371
2022-04-29,1120,1106.3474360574146,0.4550854647528467,0.634997318434453
2022-04-30,1121,1102.3028910437863,0.6232369652071232,0.8081383617161025
2022-05-01,1122,1106.3338927792515,0.5222035740249491,0.6156195858478815
2022-05-02,1123,1106.3139118467818,0.556202938440606,0.6266371069227054
2022-05-03,1124,1096.1290995054471,0.9290300164850956,0.9997541617649874
2022-05-04,1125,1106.377274635635,0.6207575121454966,0.5920719981142941
2022-05-05,1126,1106.3691426285054,0.6543619123831529,0.5490744351099057
2022-05-06,1127,1109.2918157727709,0.5902728075743047,0.5125995041222942
2022-05-07,1128,1114.3617401282875,0.4546086623904178,0.7396310094511664
2022-05-08,1129,1114.989379006495,0.4670206997834991,0.7717624256322807
2022-05-09,1130,1114.9867770874998,0.5004407637500056,0.7172166651106969
2022-05-10,1131,1116.0524353615635,0.4982521546145487,0.7310308269404695
2022-05-11,1132,1114.1084280090492,0.5963857330316917,0.655857225701608
2022-05-12,1133,1114.0413497016236,0.6319550099458789,0.7007271086888531
2022-05-13,1134,1114.9859798735224,0.6338006708825863,0.6641540386988767
2022-05-14,1135,1116.2967079651444,0.6234430678285208,0.7108511291621794
2022-05-15,1136,1114.969260355618,0.7010246548127346,0.6421247769840552
2022-05-16,1137,1129.0288361376188,0.2657054620793739,0.6398367635501815
2022-05-17,1138,1129.0151229476758,0.2994959017441412,0.6289664853452315
2022-05-18,1139,1129.0223381939309,0.33258872686897123,0.6086318765977651
2022-05-19,1140,1128.1114786161993,0.39628404612669027,0.7183890429820861
2022-05-20,1141,1129.0173560606472,0.39942146464509276,0.6278647636774416
2022-05-21,1142,1129.0195928065443,0.4326802397818559,0.6058225778892687
2022-05-22,1143,1128.0988751942814,0.4967041601906203,0.6208206946949442
2022-05-23,1144,1129.0161170152162,0.4994627661594601,0.8182583401468991
2022-05-24,1145,1129.0111632684925,0.532961224383583,0.8036444307590158
2022-05-25,1146,1129.0121451475304,0.5662618284156528,0.8108012388408229
2022-05-26,1147,1133.9887915983988,0.4337069467200384,0.6315667059480776
2022-05-27,1148,1133.988208624141,0.46705971252863493,0.6419352152888871
2022-05-28,1149,1138.4194352602062,0.35268549132645904,0.7164781710085706
2022-05-29,1150,1133.9811111201514,0.5339629626616216,0.6926471849202859
2022-05-30,1151,1138.150559229839,0.4283146923386994,0.7150969147058174
2022-05-31,1152,1151.078144988052,0.030728500398269413,0.9808904054429545
2022-06-01,1153,1151.0199462208188,0.06600179263937207,0.9792464949427381
2022-06-02,1154,1150.9963033794088,0.10012322068637332,0.9730138201989569
2022-06-03,1155,1150.9616974932337,0.1346100835588762,0.9449696931318707
2022-06-04,1156,1150.9384074346171,0.16871975217942842,0.9366120246323143
2022-06-05,1157,1150.9063811857416,0.2031206271419478,0.9212736807146956
2022-06-06,1158,1150.8928029775216,0.2369065674159477,0.911363079905843
2022-06-07,1159,1150.8470867518224,0.2717637749392528,0.8749617986390819
2022-06-08,1160,1150.8102381695119,0.3063253943496041,0.8161869568457351
2022-06-09,1161,1150.6257974754674,0.345806750817754,0.824518404428655
2022-06-10,1162,1150.0006308473783,0.39997897175405794,0.8414432191557439
2022-06-11,1163,1150.0072443469026,0.4330918551032482,0.8587186549470633
2022-06-12,1164,1150.2931602364768,0.4568946587841083,0.8862224689606071
2022-06-13,1165,1150.003898631847,0.4998700456050983,0.8552175382645807
2022-06-14,1166,1150.60919608147,0.5130267972843361,0.8838001365499013
2022-06-15,1167,1150.0539706192887,0.5648676460237084,0.9533715265206332
2022-06-16,1168,1161.455797526537,0.2181400824487658,0.6871142301254409
2022-06-17,1169,1159.9885182038956,0.3003827265368121,0.6047978575645028
2022-06-18,1170,1160.6941725641066,0.31019424786311445,0.6969215037464616
2022-06-19,1171,1160.5692714717813,0.3476909509406217,0.7136633079287881
2022-06-20,1172,1160.4850138349125,0.383832872169584,0.7289093083875494
2022-06-21,1173,1160.23616826895,0.4254610577016668,0.773038058007082
2022-06-22,1174,1160.0731057889552,0.4642298070348261,0.8021714272703806
2022-06-23,1175,1168.0132276150505,0.2328924128316506,0.9757266844591441
2022-06-24,1176,1159.201689363598,0.5599436878800664,0.8136751421125523
2022-06-25,1177,1154.033716553322,0.7655427815559354,0.8104026310368788
2022-06-26,1178,1154.0107986106457,0.7996400463118107,0.8753029523453233
2022-06-27,1179,1153.9791009230184,0.8340299692327183,0.9074007934918986
2022-06-28,1180,1153.7771230940161,0.8740958968661289,0.9370052458830567
2022-06-29,1181,1151.000025481166,0.9999991506278018,0.960250352521246
2022-06-30,1182,1166.9982360181602,0.5000587993946586,0.9800420615155443
2022-07-01,1183,1166.9898131071045,0.5336728964298497,0.8808066806845065
2022-07-02,1184,1166.997796727881,0.5667401090706334,0.8890069565769584
2022-07-03,1185,1166.9905721372493,0.6003142620916909,0.8886604224669016
2022-07-04,1186,1166.9682314137247,0.6343922862091783,0.9213454987480107
2022-07-05,1187,1166.9663292822945,0.6677890239235164,0.9439963422817604
2022-07-06,1188,1166.8685027970228,0.7043832400992415,0.9380651045546158
2022-07-07,1189,1166.714089833111,0.7428636722296308,0.9503455926579544
2022-07-08,1190,1166.9058904899014,0.7698036503366211,0.9451491829724358
2022-07-09,1191,1166.9214206167467,0.8026193127751109,0.968037322103372
2022-07-10,1192,1166.932111931429,0.8355962689523646,0.9794438485630851
2022-07-11,1193,1182.1114634142439,0.36295121952520426,0.9999699343541799
2022-07-12,1194,1181.2897477476645,0.42367507507785074,0.8992909784124876
2022-07-13,1195,1184.9013993037454,0.3366200232084869,0.9406660492942229
2022-07-14,1196,1186.4873505778205,0.31708831407264976,0.8913214667668956
2022-07-15,1197,1193.0867371153624,0.13044209615458538,0.9629311708686984
2022-07-16,1198,1193.114329811414,0.16285567295286305,0.9387271523126216
2022-07-17,1199,1188.745812965627,0.34180623447909964,0.859349801279523
2022-07-18,1200,1187.728299684753,0.4090566771749006,0.8445917907802454
2022-07-19,1201,1200.9999934085783,2.1971405506822823e-07,0.9999959677603305
2022-07-20,1202,1201.652306214281,0.011589792857300078,0.9999933299656832
2022-07-21,1203,1193.055063143838,0.331497895205401,0.9999893394333191
2022-07-22,1204,1193.0205512950813,0.36598162349728985,0.9999728244520304
2022-07-23,1205,1193.0159151406313,0.39946949531229164,0.9999305889844082
2022-07-24,1206,1193.021170571499,0.4326276476167019,0.9998426109880989
2022-07-25,1207,1200.0143281715216,0.23285572761594722,0.9999158176580868
2022-07-26,1208,1193.064930250371,0.4978356583209688,0.9999744174795303
2022-07-27,1209,1193.0315120638206,0.532282931205979,0.9999245644094596
2022-07-28,1210,1200.2835822508976,0.32388059163674826,0.9998486439645347
2022-07-29,1211,1200.2878771442383,0.3570707618587221,0.9998475885029798
2022-07-30,1212,1200.2861042131076,0.3904631928964136,0.9997705526061615
2022-07-31,1213,1193.3628594190407,0.6545713526986446,0.9999882937760797
2022-08-01,1214,1193.0954729271823,0.6968175690939233,0.9999894339119954
2022-08-02,1215,1192.872933165499,0.7375688944833655,0.9999902665884678
2022-08-03,1216,1192.799806337631,0.7733397887456325,0.9999689739941102
2022-08-04,1217,1214.9115432275764,0.06961522574745231,0.8902745639410732
2022-08-05,1218,1201.6985743903758,0.5433808536541391,0.6669772949588629
2022-08-06,1219,1208.871652695404,0.33761157681986637,0.6703153209342105
2022-08-07,1220,1201.7049948519511,0.6098335049349619,0.8048076296657236
2022-08-08,1221,1201.7200961224662,0.6426634625844599,0.8646142965822441
2022-08-09,1222,1209.4372253060144,0.4187591564661867,0.9003010539688046
2022-08-10,1223,1214.8397888391282,0.27200703869572557,0.9865205428650458
2022-08-11,1224,1214.7043995005467,0.3098533499817753,0.994008360794111
2022-08-12,1225,1214.8869058784098,0.33710313738633885,0.994569725282921
2022-08-13,1226,1208.7588812841232,0.5747039571958946,0.96298615318278
2022-08-14,1227,1201.6831829032683,0.8438939032243904,0.9864714418273893
2022-08-15,1228,1209.0172014648144,0.6327599511728522,0.9913222171685709
2022-08-16,1229,1217.0493482971804,0.3983550567606547,0.9997986887995951
2022-08-17,1230,1200.0000674777798,0.9999977507406735,0.9995051494958656
2022-08-18,1231,1214.1473256077988,0.5617558130733717,0.9995972847881351
2022-08-19,1232,1214.9774366820957,0.5674187772634771,0.9884224826952539
2022-08-20,1233,1218.9622467277143,0.4679251090761909,0.9982374315570597
2022-08-21,1234,1218.6911102530878,0.5102963248970733,0.9993218222302025
2022-08-22,1235,1218.9743349472506,0.5341888350916482,0.9995816045960991
2022-08-23,1236,1218.9739036156532,0.5675365461448943,0.9968727000080481
2022-08-24,1237,1218.9863019052445,0.6004566031585151,0.9952568051465751
2022-08-25,1238,1218.9835225564923,0.633882581450257,0.9868373869631241
2022-08-26,1239,1218.9924521049338,0.6669182631688727,0.9785614836812608
2022-08-27,1240,1218.969523343323,0.701015888555897,0.9283514604702985
2022-08-28,1241,1239.7939909866445,0.040200300445182316,0.9767911206698655
2022-08-29,1242,1239.869234059668,0.07102553134439707,0.964931247763166
2022-08-30,1243,1239.0560154874813,0.1314661504172894,0.9332564775684368
2022-08-31,1244,1235.9058987322098,0.2698033755930055,0.9979409091070459
2022-09-01,1245,1235.9532245636462,0.3015591812117918,0.9992843202618963
2022-09-02,1246,1235.6301260875182,0.3456624637493936,0.9989142894898536
2022-09-03,1247,1235.3686263741536,0.3877124541948812,0.9966534532863813
2022-09-04,1248,1235.0133832909273,0.43288722363575594,0.9944724116907769
2022-09-05,1249,1235.0256059814742,0.46581313395086,0.999787046266375
2022-09-06,1250,1235.0419827312955,0.49860057562348176,0.9998545190703986
2022-09-07,1251,1235.0206399533822,0.5326453348872595,0.9996260277784947
2022-09-08,1252,1235.326435341853,0.5557854886048972,0.9997156690919662
2022-09-09,1253,1235.0128595939625,0.5995713468679166,0.9996102117080887
2022-09-10,1254,1235.3013024893205,0.6232899170226498,0.9989278349340536
2022-09-11,1255,1235.0133873685759,0.6662204210474708,0.9970061201804524
2022-09-12,1256,1235.3409747963176,0.6886341734560801,0.991182620872521
2022-09-13,1257,1245.9796288683044,0.36734570438985276,0.6196130908187609
2022-09-14,1258,1245.9715690460482,0.40094769846505945,0.581157009040563
2022-09-15,1259,1245.7345259462845,0.4421824684571826,0.6064127523495857
2022-09-16,1260,1254.9721471400192,0.16759509533269465,0.6572498198842229
2022-09-17,1261,1245.9777458622582,0.5007418045913937,0.5691956281299099
2022-09-18,1262,1247.582830434821,0.4805723188392979,0.6350206156406943
2022-09-19,1263,1245.9807679237242,0.5673077358758595,0.5847271417114748
2022-09-20,1264,1245.984614036605,0.6005128654464973,0.6359081484797553
2022-09-21,1265,1246.81951681252,0.6060161062493308,0.725473586379076
2022-09-22,1266,1245.9810872799894,0.6672970906670191,0.7426190175730755
2022-09-23,1267,1245.987604663771,0.7004131778743007,0.7421259846537127
2022-09-24,1268,1245.990525883261,0.7336491372246352,0.7975468917399244
2022-09-25,1269,1245.3645116449316,0.7878496118356149,0.8341199056042685
2022-09-26,1270,1245.1908704306823,0.8269709856439249,0.8910605944531059
2022-09-27,1271,1245.3077529087611,0.8564082363746289,0.8712753396483947
2022-09-28,1272,1245.9829170402982,0.8672360986567279,0.6608518952705371
2022-09-29,1273,1252.980432711653,0.6673189096115645,0.6117461934199122
2022-09-30,1274,1246.071974628765,0.930934179041166,0.7180593573336629
2022-10-01,1275,1257.0009242381611,0.5999691920612956,0.6495924123530346
2022-10-02,1276,1257.0159395979688,0.6328020134010406,0.6843167152937812
2022-10-03,1277,1262.984379116937,0.46718736276876976,0.6407079280820587
2022-10-04,1278,1262.992342589952,0.5002552470016023,0.6808110520067636
2022-10-05,1279,1262.971651765417,0.5342782744861021,0.7291205212514499
2022-10-06,1280,1262.9933461819774,0.5668884606007547,0.7880514004839152
2022-10-07,1281,1262.702335254091,0.6099221581969687,0.7330674834273951
2022-10-08,1282,1262.985279852398,0.6338240049200673,0.8048809334772433
2022-10-09,1283,1262.9930309384388,0.6668989687187074,0.8002270600519249
2022-10-10,1284,1262.7190794052453,0.7093640198251554,0.8052245788717148
2022-10-11,1285,1262.999287776861,0.7333570741046364,0.8080658337744413
2022-10-12,1286,1262.9991143321045,0.7666961889298515,0.857866015284503
2022-10-13,1287,1262.990362493883,0.8003212502039029,0.882202998022827
2022-10-14,1288,1262.6704952233774,0.8443168258874191,0.9018282401567312
2022-10-15,1289,1262.707931558167,0.8764022813944318,0.8387508042841715
2022-10-16,1290,1275.9770175871204,0.4674327470959876,0.8316413728454923
2022-10-17,1291,1275.9442953147284,0.5018568228423874,0.8516665072707699
2022-10-18,1292,1275.986892578883,0.5337702473705652,0.7092322351512861
2022-10-19,1293,1281.0864499871764,0.3971183337607878,0.7742472981509138
2022-10-20,1294,1275.9756752697895,0.6008108243403513,0.7035930619413155
2022-10-21,1295,1281.0305032998197,0.4656498900060114,0.7907624607295491
2022-10-22,1296,1280.5120532339633,0.516264892201222,0.784014700695407
2022-10-23,1297,1280.1853393965257,0.5604886867824764,0.7861320691579882
2022-10-24,1298,1280.950054824477,0.5683315058507635,0.7993080393765055
2022-10-25,1299,1280.3296141778176,0.6223461940727475,0.7961262704001102
2022-10-26,1300,1275.9742711716187,0.8008576276127087,0.744691454859876
2022-10-27,1301,1275.9818478964924,0.8339384034502548,0.811077782920042
2022-10-28,1302,1275.986405499648,0.8671198166783977,0.8697921888387389
2022-10-29,1303,1275.9879877683031,0.900400407723229,0.8542073276071778
2022-10-30,1304,1275.1154904020925,0.9628169865969161,0.919467701538637
2022-10-31,1305,1283.3720702299074,0.7209309923364192,0.7046595208061417
2022-11-01,1306,1292.660180975804,0.4446606341398668,0.5103395692274829
2022-11-02,1307,1292.6809411650427,0.47730196116524437,0.5288846319372187
2022-11-03,1308,1300.2761075056599,0.25746308314467115,0.9820006000106506
2022-11-04,1309,1292.6417521008627,0.5452749299712423,0.5430385329071397
2022-11-05,1310,1292.677502847023,0.5774165717658964,0.5463459697652779
2022-11-06,1311,1298.680774472869,0.41064085090436797,0.771929829512134
2022-11-07,1312,1298.9936408044664,0.43354530651778683,0.7961056086663058
2022-11-08,1313,1298.9856828003585,0.46714390665471606,0.6561924555887365
2022-11-09,1314,1298.9831680804075,0.5005610639864169,0.7105161120568948
2022-11-10,1315,1304.010359010564,0.36632136631453704,0.9344895292637075
2022-11-11,1316,1315.9999998739397,4.2020095255187096e-09,0.8906583552527525
2022-11-12,1317,1306.5378547959015,0.3487381734699511,0.8900731628748577
2022-11-13,1318,1305.7343472254606,0.40885509248464585,0.8687814643889322
2022-11-14,1319,1308.0272479706857,0.36575840097714263,0.7706566024746812
2022-11-15,1320,1308.0378278252756,0.39873907249081336,0.7709910336945798
2022-11-16,1321,1308.0244163862294,0.4325194537923532,0.7829710106387646
2022-11-17,1322,1308.0226595526976,0.46591134824341224,0.7695197391322117
2022-11-18,1323,1308.0302695818782,0.4989910139373933,0.8345129007926096
2022-11-19,1324,1308.0200020219252,0.5326665992691612,0.8322003543827402
2022-11-20,1325,1308.008946369607,0.5663684543464342,0.8232999355845319
2022-11-21,1326,1308.3192342961934,0.5893588567935543,0.9004459364109607
2022-11-22,1327,1308.3149250491415,0.6228358316952836,0.8611274104735436
2022-11-23,1328,1308.3108535148278,0.656304882839072,0.8461612795072095
2022-11-24,1329,1308.3470390380385,0.6884320320653842,0.986698732148897
2022-11-25,1330,1308.3326314523927,0.7222456182535779,0.9790175303217955
2022-11-26,1331,1316.7630774026088,0.47456408657970617,0.6648710854624026
2022-11-27,1332,1316.7350063232484,0.5088331225583868,0.7248541688289429
2022-11-28,1333,1316.9942835924467,0.5335238802517779,0.7760188129365431
2022-11-29,1334,1316.9698218729252,0.5676726042358269,0.8361574100369163
2022-11-30,1335,1316.9961820650772,0.6001272644974278,0.8599474573315069
2022-12-01,1336,1316.7489613267724,0.6417012891075881,0.9058034755605384
2022-12-02,1337,1316.675296077078,0.6774901307640675,0.9427543310146785
2022-12-03,1338,1316.7368124504196,0.708772918319346,0.9672152906457098
2022-12-04,1339,1316.682371834444,0.7439209388518672,0.9836643188630334
2022-12-05,1340,1327.0922189391852,0.430259368693828,0.988704445041696
2022-12-06,1341,1325.5800709014436,0.5139976366185465,0.9510536527709018
2022-12-07,1342,1325.1465579372257,0.5617814020924773,0.9654652880893746
2022-12-08,1343,1325.1239929759327,0.5958669008022449,0.9706782108549442
2022-12-09,1344,1325.8981191435132,0.6033960285495595,0.9115095536207024
2022-12-10,1345,1325.208810887284,0.6597063037571994,0.9391392350746645
2022-12-11,1346,1325.923269724016,0.6692243425327964,0.9059546882861903
2022-12-12,1347,1325.9813199624825,0.700622667917249,0.6868555041695301
2022-12-13,1348,1326.003062179163,0.7332312606945682,0.7065237277343253
2022-12-14,1349,1325.913060413454,0.7695646528848632,0.7846971427035698
2022-12-15,1350,1325.9316984338554,0.8022767188714852,0.8186314991661283
2022-12-16,1351,1325.6735470850606,0.8442150971646469,0.8593830406806127
2022-12-17,1352,1325.5233321182454,0.8825555960584855,0.8892496352749033
2022-12-18,1353,1325.0427691798347,0.9319076940055083,0.9306594236192924
2022-12-19,1354,1324.0000002464822,0.9999999917839281,0.9493110230292348
2022-12-20,1355,1339.299827391829,0.523339086939033,0.7474791875287317
2022-12-21,1356,1341.703380151048,0.47655399496507017,0.5032632704714608
2022-12-22,1357,1348.954194902213,0.2681935032595675,0.8517277624511683
2022-12-23,1358,1348.6232565078533,0.3125581164048905,0.7987725307398443
2022-12-24,1359,1354.9862243955633,0.13379252014788864,0.827951647938704
2022-12-25,1360,1348.9984770998185,0.36671743000604995,0.8250302475430266
2022-12-26,1361,1348.7508483288345,0.40830505570551545,0.8787029891493967
2022-12-27,1362,1351.5565242671069,0.34811585776310494,0.8599058338931784
2022-12-28,1363,1351.1175836680352,0.39608054439882684,0.898258306448031
2022-12-29,1364,1351.542670031251,0.41524433229163454,0.935556260264035
2022-12-30,1365,1348.2395702655876,0.5586809911470785,0.9595779906567524
